0,1,2,3,4
1,um... you have no actual medical training,1,DR. JAFFE,1
2,no.,1,ERIN,1
3,i have kids.,1,ERIN,1
4,learned a lot right there.,1,ERIN,1
5,"i've seen nurses give my son throat cultures, and what is it",1,ERIN,1
6,you stick a giant qtip down their throat and wait.,1,ERIN,1
7,you take that dipstick to see if the white count's high.,1,ERIN,1
8," yes, i understand.",1,DR. JAFFE,1
9, yeah.,1,DR. JAFFE,1
10,i'm great with people.,2,ERIN,1
11,you'd have to observe me to know for sure.,2,ERIN,1
12,trust me on that.,2,ERIN,1
13,i'm a fast learner.,2,ERIN,1
14,show me in a lab once...,2,ERIN,1
15,...and i've got it down.,2,ERIN,1
16,i always wanted to go to medical school.,2,ERIN (CONT'D),1
17,that was my first interest.,2,ERIN (CONT'D),1
18,then i got married...,2,ERIN,1
19,...and had a kid too young and blew that.,2,ERIN,1
20,"out of high school, i got a job...",3,ERIN,1
21,...with fleuer engineers in irvine.,3,ERIN,1
22,i fell madly in love with geology.,3,ERIN,1
23, geology,4,DR. JAFFE,1
24, yeah.,4,ERIN,1
25,i learned how to read maps.,4,ERIN,1
26,yeah.,5,DR. JAFFE,1
27,but i lost my job because...,5,ERIN,1
28,"...my boy got chickenpox, 104 temperature.",5,ERIN,1
29,"my exhusband was useless, so...",5,ERIN,1
30,that didn't really work out.,5,ERIN,1
31,you got a really nice office.,7,ERIN,1
32,thanks.,8,DR. JAFFE,1
33,look...,10,DR. JAFFE,1
34,"oh, fuck",15,ERIN,2
35,goddamn it,15,ERIN (CONT'D),2
36,"good morning, mr. masry.",18,ROSALIND (O.S.),3
37," morning, rosalind.",18,ROSALIND (O.S.),3
38, how are you,18,ROSALIND (O.S.),3
39, i'm fine.,18,ED,4
40,and you,18,ED,4
41, very well.,18,ROSALIND,4
42,thank you for asking.,18,ROSALIND,4
43,good morning.,19,ED,4
44,how you doing,19,ED,4
45,donald.,19,ED,4
46,did you see it last night,19,ROSALIND,4
47,i taped it.,19,ED,4
48,don't tell me what happens.,19,ED,4
49,it was so good.,19,ROSALIND,4
50,your nine o'clock's here already.,20,ROSALIND,4
51, remind me.,25,ED,4
52, erin brockovich.,25,BRENDA,4
53,car accident.,25,BRENDA,4
54,"not her fault, she says.",25,BRENDA,4
55,she was referred.,28,BRENDA,4
56," erin, hi.",29,ED,5
57, hi.,29,ED,5
58,ed masry.,31,ED,5
59,sorry you had to wait.,31,ED,5
60,that's okay.,32,ERIN,5
61,"here, sit.",33,ED,5
62,sit down.,33,ED,5
63,thank you.,35,ERIN,5
64,i never thought standing could take it out of you.,35,ERIN,5
65,ever since that shithead hit me...,35,ERIN,5
66,...it's like my body's put together wrong.,35,ERIN,5
67,you poor thing.,36,ED,5
68,did anyone ask if you wanted coffee,36,ED,5
69, yeah.,37,ERIN,5
70,i'm fine.,37,ERIN,5
71, good.,37,ED,5
72,"listen, whoever did this to you made one hell of a mistake.",38,ED,5
73,"and you and me, we're gonna make him pay for it.",38,ED,5
74,"so, uh...",39,ED,5
75,...why don't you tell me what happened,40,ED (CONT'D),5
76,"i was pulling out real slow, and out of nowhere...",41,ERIN,6
77,...his jaguar comes racing around the corner like a bat out of hell.,41,ERIN,6
78,they took some bone from my hip and put it in my neck.,42,ERIN,6
79,i don't have insurance...,43,ERIN,6
80,"...so i'm about 17,000 in debt right now.",43,ERIN,6
81,i couldn't take painkillers.,44,ERIN,6
82,they made me too groggy to take care of my kids.,44,ERIN,6
83,"matthew's 8, and katie's almost 6.",45,ERIN,6
84,and beth's just 9 months.,45,ERIN,6
85,i just wanna be a good mom...,46,ERIN,6
86,"...a nice person, a decent citizen.",46,ERIN,6
87,i just wanna take good care of my kids.,47,ERIN,6
88,yeah.,48,ED,6
89,"yeah, i know.",48,ED,6
90,seventeen thousand in debt,49,DEFENDING LAWYER,7
91,your exhusband helping,49,DEFENDING LAWYER,7
92,which one,50,ERIN,7
93,there's more than one,51,DEFENDING LAWYER,7
94,"yeah, there's two.",52,ERIN,7
95,why,52,ERIN,7
96,you must have been feeling desperate that afternoon.,56,DEFENDING LAWYER,7
97,what's your point,57,ERIN,7
98,"broke, three kids, no job.",58,DEFENDING LAWYER,7
99, doctor in a jaguar is a meal ticket...  objection.,59,DEFENDING LAWYER,7
100, sustained.,61,JUDGE,7
101, he hit me,61,ERIN,7
102,so you say.,62,DEFENDING LAWYER,7
103,"he came tearing around the corner, out of control.",63,ERIN,7
104,"an er doctor, who spends his days saving lives, was out of control",64,DEFENDING LAWYER,7
105,that asshole smashed in my fucking neck,65,ERIN,7
106,open and fucking shut,67,ERIN,8
107, exactly the language...  it was over before that,67,ERIN,8
108,i told you he might get personal.,67,ED,8
109, you said i was set.,67,ERIN,8
110, i never said that.,67,ED,8
111,you told me i had a good shot,67,ERIN,8
112, let's settle down.,67,ED,8
113, fuck settle down,67,ERIN,8
114,i've got 74.,67,ERIN,8
115, i can't afford to settle down,67,ERIN,8
116," i'm sorry, erin.",67,ED,8
117,do they teach lawyers to apologize,68,ERIN,8
118,because you suck at it.,68,ERIN,8
119,hello,72,ERIN,9
120, hi.,72,ERIN,9
121," hi, erin.",72,MRS. MORALES,9
122,you're back so soon.,72,MRS. MORALES,9
123,were you a good girl,72,ERIN,9
124,you're my little baby.,73,ERIN,9
125,what is that,73,ERIN,9
126,a little cough,73,MRS. MORALES,9
127,she's got a cough.,73,MRS. MORALES,9
128,i sat in the steam with her to try to loosen it up.,74,MRS. MORALES,9
129, i think i've got cough medicine.,75,ERIN,9
130, ibueno.i,75,MRS. MORALES,9
131,listen.,75,MRS. MORALES,9
132,i didn't wanna tell you before.,75,MRS. MORALES,9
133, with your worries.,76,MRS. MORALES,9
134, what,76,ERIN,9
135,my daughter bought a big house with a room for me.,77,MRS. MORALES,9
136,i'm moving in with her.,78,MRS. MORALES,9
137, when,78,ERIN,9
138, next week.,78,MRS. MORALES,9
139, next week,78,ERIN,9
140, i know.,78,MRS. MORALES,9
141,but it's good for me.,78,MRS. MORALES,9
142,now i can help take care of my grandkids.,79,MRS. MORALES,9
143,it's good for you.,79,MRS. MORALES,9
144,"now with money, you can hire a good babysitter.",80,MRS. MORALES,9
145,not the old lady next door.,80,MRS. MORALES,9
146,thanks.,80,ERIN,9
147,matthew,81,ERIN,10
148," katie, you back here",81,ERIN,11
149, yeah.,81,KIDS,11
150,"come on in, would ya",81,ERIN (CONT'D),11
151," hey, get in the house.",82,ERIN (CONT'D),11
152,no dripping.,82,ERIN (CONT'D),11
153, okay,82,KIDS,11
154,sweetie.,83,ERIN (CONT'D),11
155,"please don't get sick on me, please.",83,ERIN (CONT'D),11
156,let's fix dinner.,83,ERIN (CONT'D),11
157,"yes, look.",85,ERIN (CONT'D),11
158,look at the water.,86,ERIN (CONT'D),11
159,goddamn it,89,ERIN (CONT'D),11
160,i'm sorry.,89,ERIN (CONT'D),11
161,i'm sorry.,89,ERIN (CONT'D),11
162,matthew,90,ERIN (CONT'D),11
163,katie,90,ERIN (CONT'D),11
164,we're going out,90,ERIN (CONT'D),11
165,you go ahead and order.,91,ERIN (CONT'D),11
166,i'm gonna have a cheeseburger deluxe with a coke.,92,KIDS,11
167,"mommy, can i have a cheeseburger deluxe with no cheese and no bread",94,KIDS,11
168,did you get that,96,ERIN,14
169,"and she will have a cup of chicken broth and a few crackers, please.",97,ERIN,14
170, and for you,98,CHECK-OUT LADY,14
171, just a cup of coffee.,98,ERIN,14
172,you're not eating,99,KIDS,14
173,"my lawyer took me out to a fancy lunch to celebrate, and i'm still stuffed.",100,ERIN,14
174,how about that,100,ERIN,14
175,"yes, i'm calling about the job ad in the paper.",111,ERIN,14
176,i'm calling about the job ad.,112,ERIN,14
177,"the great personality, good voice.",113,ERIN,14
178,i don't have any actual sales experience.,114,ERIN,15
179,"i don't really have a resume, but i can...",115,ERIN,15
180,i don't have any computer skills.,116,ERIN,15
181,oh.,117,ERIN,15
182,"well, i thought it was the local store.",117,ERIN,15
183,okay.,118,ERIN,15
184,thanks anyway.,118,ERIN,15
185,"okay, bye.",119,ERIN,15
186,"ed masry, please.",121,ERIN,15
187,"yes, i'm holding for ed masry.",122,ERIN,15
188,is he ever in the office,123,ERIN,15
189,"no, but i've called about a dozen times.",124,ERIN,15
190,i'd like to leave a message.,125,ERIN,15
191,"brockovich, brockovlch.",126,ERIN,15
192,i'm a client.,127,ERIN,15
193,i want him to call.,127,ERIN,15
194,it's that simple.,127,ERIN,15
195,okay.,130,ERIN,15
196,goddamn it,134,ED,17
197, brenda,134,ED,17
198,brenda,134,ED,17
199, yeah,134,BRENDA,17
200,who put that there,134,ED,17
201,the files you asked for.,134,BRENDA,17
202,i didn't ask you to put it in the middle of the floor.,135,ED,17
203,"get a towel, will you",136,ED,17
204,"hey, hey...",136,ED,17
205," hey, what's she doing here",138,ED (CONT'D),17
206, who,138,BRENDA,17
207,donald.,141,ED,17
208,what's she doing here,142,ED,17
209,she works here.,143,DONALD,17
210,erin.,147,ED,18
211,how's it going,148,ED,18
212,you never called me back.,148,ERIN,18
213,i left messages.,148,ERIN,18
214,you did,149,ED,18
215,i didn't know that.,149,ED,18
216,donald seems to think...,149,ED,18
217,being ignored and being lied to.,150,ERIN,18
218, i never lied.,151,ED,18
219, you said things'd be fine.,151,ERIN,18
220,they're not.,152,ERIN,18
221,i trusted you.,152,ERIN,18
222, i'm sorry.,153,ED,18
223, i don't need pity.,153,ERIN,18
224,i need a paycheck.,154,ERIN,18
225,and i've looked.,154,ERIN,18
226,"when you spend 6 years raising babies, it's hard to get a job that pays.",154,ERIN,18
227,"are you getting this down, honey",154,ERIN,18
228,or am i talking too fast for you,154,ERIN,18
229,i'm sorry about that.,155,ED,18
230,but we have a full staff now...,156,ED,18
231,bullshit.,156,ERIN,18
232,"if you had a full staff, you'd return a client's damn call.",156,ERIN,18
233,i'm smart and hardworking.,159,ERIN (CONT'D),18
234,i'm not leaving here without a job.,159,ERIN (CONT'D),18
235,don't make me beg.,166,ERIN (CONT'D),18
236,"if it doesn't work out, fire me.",166,ERIN (CONT'D),18
237,don't make me beg.,166,ERIN (CONT'D),18
238,no benefits.,167,ED,18
239,what we do in here is file all of the cases.,168,ANNA,19
240,"that way, at any time, we can tell the status of a file.",168,ANNA,19
241,where it is in the office and stuff.,168,ANNA,19
242,here's where we organize all the files alphabetically.,168,ANNA,19
243, simple enough.,168,ERIN,19
244, okay.,168,ERIN,19
245, and here is your desk.,168,ANNA,19
246, okay.,168,ERIN,20
247,i want to show you where the x erox machine is.,168,ANNA,20
248,everybody has a code.,168,ANNA,20
249, do i get to pick my own code,168,ERIN,20
250, we'll see.,168,ANNA,20
251,can you tell me who i talk to about getting an advance on my paycheck,170,ERIN,20
252,just for the weekend.,171,ERIN,20
253,rosalind's the office manager.,171,ED,20
254,she handles the payroll and petty cash.,171,ED,20
255,she's gone already.,172,ED,20
256,she leaves early on fridays.,173,ED,20
257," okay, thank you.",174,ERIN,20
258," oh, for pete's sake, here.",174,ED,20
259,i've only got hundreds.,175,ED (CONT'D),20
260,"i don't want your money, mr. masry.",177,ERIN,20
261,where do you think your paycheck comes from,178,ED,20
262, have a good weekend.,179,ED,20
263, thank you.,179,ERIN,20
264, see you.,179,ED,25
265," all right, see you.",179,ANNA,25
266,see you monday.,179,ED,25
267,"hi, my sweetie.",182,ERIN,25
268,hello.,182,ERIN,25
269,how are you,183,ERIN,25
270,"matthew, katie.",183,ERIN,25
271," hey, mom.",184,ERIN,25
272," hi, sweetie.",184,ERIN,25
273,how are you,185,ERIN,25
274, thanks a lot.,186,ERIN,25
275, you're welcome.,186,BABY SITTER,25
276,hey,192,ERIN,25
277,hey,193,ERIN,25
278,hello.,196,GEORGE,25
279,what are you doing making all that goddamn noise,197,ERIN,25
280,"introducing ourselves to the neighbourhood, i guess.",198,GEORGE,25
281,"well, i am the neighbours.",199,ERIN,25
282,there.,199,ERIN,25
283,we're introduced.,199,ERIN,25
284,so shut up.,199,ERIN,25
285,wait.,200,GEORGE,25
286,hold on there.,200,GEORGE,25
287,"let's start over, okay",200,GEORGE,25
288,my name's george.,200,GEORGE,25
289,what's yours,200,GEORGE,25
290,just think of me as the person next door who likes it quiet.,201,ERIN,25
291,don't be like that.,201,GEORGE,25
292,"look, we live next door.",202,GEORGE,25
293,i feel bad.,202,GEORGE,25
294,i'm sorry.,203,GEORGE,25
295,will you accept my apology,203,GEORGE,25
296,we're living right next door.,204,GEORGE,25
297,if you need a cup of a sugar...,204,GEORGE,25
298, i don't need sugar.,205,GEORGE,25
299, you don't.,205,GEORGE,25
300,why don't i take you out to dinner to apologize,206,GEORGE,25
301,give me your number.,208,GEORGE,25
302,i got your address...,208,GEORGE,25
303,...so you can't get away.,208,GEORGE (CONT'D),25
304,i'll call you up proper and ask you out.,208,GEORGE (CONT'D),25
305,you want my number,209,ERIN,25
306,i do.,210,GEORGE,25
307,i do want your number.,210,GEORGE,25
308,"which number do you want, george",211,ERIN,25
309,i like the way you say that.,212,GEORGE,25
310,how many numbers you got,212,GEORGE,25
311,i got numbers coming out of my ears.,213,ERIN,25
312,"for instance, 10.",213,ERIN,25
313, ten.,213,GEORGE,25
314, yeah.,213,ERIN,25
315,that's how many months old my baby girl is.,213,ERIN,25
316, you got a little girl,214,GEORGE,25
317, yeah.,214,ERIN,25
318,"sexy, huh",215,ERIN,25
319,how about this,215,ERIN,25
320,six.,215,ERIN,25
321,that's my other daughter.,215,ERIN,25
322,eight is my son.,215,ERIN,25
323,two is the times i've been married and divorced.,215,ERIN,25
324,16 is what i have in my bank account.,217,ERIN,25
325,"8503943, that's my phone number.",217,ERIN,25
326,i'm guessing zero is the number of times you're gonna call it.,217,ERIN,25
327,"hey, how do you remember your bank balance",219,GEORGE,25
328,"see, that impresses me.",220,GEORGE,25
329,you're dead wrong about that zero.,220,GEORGE,27
330,how long has she been crying,223,ERIN,28
331,she's got that tooth coming in.,225,ERIN,28
332,give her a cold washcloth to suck on.,227,ERIN (CONT'D),28
333,i'll check back later.,227,ERIN (CONT'D),28
334,where's anna,228,ED,28
335,she's out to lunch with the girls.,229,ERIN,28
336,i have to open a file.,229,ED,28
337,"realestate thing, pro bono.",229,ED,28
338, okay.,229,ERIN,28
339, know how to do that,229,ED,28
340,"yeah, i got it.",230,ERIN,28
341,no problem.,230,ERIN,28
342,you're a girl.,231,ED,28
343,excuse me,232,ERIN,28
344,why aren't you out to lunch with the girls,233,ED,28
345,you're a girl.,233,ED,28
346,i guess i'm not the right kind.,234,ERIN,28
347,"look, you may want to... now that you're working here...",236,ED,28
348,you may want to rethink your wardrobe a little.,237,ED,28
349,why is that,238,ERIN,28
350,"well, i think some of the girls are a little uncomfortable...",239,ED,28
351,...because of what you wear.,239,ED,28
352,is that so,240,ERIN,28
353,"well, it just so happens, i think i look nice.",240,ERIN,28
354,"as long as i have one ass instead of two, i'll wear what i like...",240,ERIN,28
355,...if that's all right with you,240,ERIN,28
356,you might wanna rethink those ties.,242,ERIN (CONT'D),28
357,"with realestate stuff, could you remind me",245,ERIN,29
358,i'm a little confused.,245,ERIN,29
359,why are there medical records and blood samples in realestate files,245,ERIN,29
360,you've been here long enough.,245,ANNA,29
361,"if you don't know how to do your job by now, i'm not gonna do it for you.",245,ANNA,29
362,hello,247,ERIN,31
363,hello,249,ERIN,31
364,matthew,249,ERIN,31
365,katie,249,ERIN,31
366,matthew,252,ERIN,31
367,katie,252,ERIN,31
368,matthew,256,ERIN,31
369,what happened,261,ERIN,33
370," hi, mom.",262,MATTHEW/KATIE,33
371, hey.,262,GEORGE,33
372,hungry,262,GEORGE,33
373,am i...,262,ERIN,33
374,they're here,263,ERIN,33
375,i went to pick them up.,263,ERIN,33
376,she came by an hour ago.,264,GEORGE,33
377,"something came up, she dropped them off.",264,GEORGE,33
378,something came up,265,ERIN,33
379,why didn't she call,265,ERIN,33
380,i don't know.,266,GEORGE,33
381,"she, i was, she...",266,GEORGE,33
382,i don't know why.,266,GEORGE,33
383, that stupid bitch.,267,ERIN,33
384, mom,267,MATTHEW,33
385,i just can't believe she dumps my kids off when nobody's home.,268,ERIN,33
386,i was home.,269,GEORGE,33
387,we're fine.,269,GEORGE,33
388,"we cooked burgers, had some milk.",269,GEORGE,33
389,you want a hot dog,270,KIDS,33
390,there's one.,270,GEORGE,33
391, or a cheeseburger,270,KIDS,33
392, but this mustard is slippery.,270,KIDS,34
393,"mom, what do you think about me getting a tattoo",271,KIDS,34
394,"one, two, three.",272,KIDS,34
395,i got all these kings.,273,KIDS,34
396,"you win, you got a joker.",273,KIDS,34
397,king.,273,KIDS,34
398,joker.,273,KIDS,34
399,you stole a joker,274,KIDS,34
400,you cheat.,274,KIDS,34
401,what do you mean,274,GEORGE,34
402,you cheat,275,KIDS,34
403,get another one.,275,KIDS,34
404,time to go to bed.,276,ERIN,34
405,get ready for bed.,276,ERIN,34
406,brush your teeth.,276,ERIN,34
407, play tomorrow,278,KIDS,34
408, yeah.,278,GEORGE,34
409,"good night, buddy.",278,GEORGE,34
410,what's that,279,ERIN,34
411,"this is a harleydavidson, the best motorcycle ever.",280,GEORGE,34
412,"and if i ever catch either one of you near one, knock you silly.",281,ERIN,34
413,brush.,285,ERIN ,34
414,"and keep it down, the baby's asleep.",285,ERIN,34
415,you got great kids.,286,GEORGE,34
416,"well, i'm sure i'll fuck 'em up eventually.",287,ERIN,34
417,why,288,GEORGE,34
418,"i'm not a good judge of character, or i wouldn't have left them...",289,ERIN,34
419,"...with that idiot, who cost a lot and smelled like chicken fat.",289,ERIN,34
420,and after i find her and kill her...,289,ERIN,34
421,...i don't know what i'm gonna do.,290,ERIN,34
422,"if you need help with them, i could do that.",290,GEORGE,34
423, i'm not leaving my kids with you.,291,ERIN,34
424, why,291,GEORGE,34
425, i don't even know you.,292,ERIN,34
426, what do you wanna know,292,GEORGE,34
427, thanks for today...  you're welcome.,292,ERIN,34
428,it was my pleasure.,293,GEORGE,34
429,how many decks did you have,293,ERIN,34
430,we had more than enough.,294,GEORGE,34
431,got so many friends you can't use one more,294,GEORGE (CONT'D),34
432,"if you need someone to look after your kids after school, or whatever...",295,GEORGE (CONT'D),34
433,...i don't have a job now.,296,GEORGE,34
434, i'm unemployed.,297,ERIN,34
435,by choice.,297,GEORGE,34
436,i work when i need to.,298,GEORGE,34
437,what do you do,300,ERIN,34
438,live off your trust fund,300,ERIN,34
439,"i do construction, which pays good, and i make it last by living cheap.",301,GEORGE,34
440,is that supposed to impress me,302,ERIN,34
441,hey.,303,ERIN,34
442,bed.,303,ERIN,34
443,your little ghosts.,304,GEORGE,34
444,you always this hard on people who try to help you,305,GEORGE,34
445,i'm out of practice.,306,ERIN,34
446,"well, let me remind you then.",306,GEORGE,34
447,the polite thing is to say thank you.,307,GEORGE,34
448,i'd start it off with that.,307,GEORGE,34
449,"then,  hey, that's a really nice offer.",307,GEORGE,34
450,i don't mind taking you up on that.,308,GEORGE,34
451,why do you want to watch my kids,308,ERIN,34
452, i like kids.,308,GEORGE,34
453, right.,308,ERIN,34
454,i like hanging out with them.,309,GEORGE,34
455,they keep it simple.,309,GEORGE,34
456,you're home every afternoon,310,ERIN,34
457,i'm usually working on my bike.,311,GEORGE,34
458,"if it doesn't work out, you can always send them back to the chickenfat lady.",313,GEORGE,34
459,this isn't gonna get you laid.,314,ERIN,34
460,get in bed.,317,ERIN,34
461,"good, because i don't find you attractive either.",318,GEORGE,34
462,then we're even.,319,ERIN,34
463,i'm so glad we got that out of the way.,319,GEORGE,34
464,i feel much better.,319,ERIN,34
465,i do too.,320,GEORGE (CONT'D),34
466,because now i can just look after the kids...,320,GEORGE (CONT'D),34
467,...and i don't have to worry about you coming on to me.,320,GEORGE (CONT'D),34
468,bring the phone into the changing room.,331,ED,34
469,of course they won't.,331,ED,34
470,"mrs. masry, don't be such a tease.",332,ED,38
471,"hold on, just hold on.",332,ED,38
472,yeah,332,ED,38
473,"sorry, would you mind if i investigate this",333,ERIN,38
474,investigate what,334,ED,38
475,this realestate thing with the jensens.,335,ERIN,38
476,the pro bono.,335,ERIN,38
477,i wanna make sure i understand what i'm reading.,337,ERIN,38
478," yeah, yeah, sure.",338,ED,38
479, you don't mind,338,ERIN,38
480,"okay, great.",339,ERIN,38
481,thanks.,339,ERIN,38
482,donna jensen,346,ERIN,42
483,"i'm erin brockovich, with masry and vititoe.",347,ERIN,42
484,oh,347,DONNA,42
485,you're a lawyer,347,DONNA,42
486,"hell, no.",348,ERIN,42
487,i hate lawyers.,348,ERIN,42
488,i just work for 'em.,348,ERIN,42
489,do you have a minute,348,ERIN,42
490,i don't mean to be a pain to pge after all they've done for hinkley...,349,DONNA,43
491,"...but if they want this place, they're gonna have to pay for it.",350,DONNA,43
492,you didn't put the house up for sale.,351,ERIN,43
493,they just wanted to buy it,351,DONNA,43
494,"oh, yeah, yeah.",351,DONNA,43
495,"oh, i don't wanna move.",352,DONNA,43
496,uproot the kids,352,DONNA,43
497,i've got a couple of girls.,352,DONNA,43
498,"honest to god, i don't know if i have the energy.",353,DONNA,43
499,"you know, i've been sick.",353,DONNA,43
500,me and pete both have.,353,DONNA,43
501,"the idea of selling, if they're not gonna pay us properly...",354,DONNA,43
502,...i don't see the point.,354,DONNA,43
503,"yeah, yeah, i can see that.",355,ERIN,43
504,i guess the only thing that confused me...,355,ERIN,43
505,not that your medical problems aren't important.,355,ERIN,43
506,how come those files are in with all the realestate stuff,355,ERIN,43
507,"there's just so much correspondence, i just keep it all in one place.",356,DONNA,43
508,"i'm sorry, i just don't see why you're corresponding with pge...",357,ERIN,43
509,...about your medical problems in the first place.,357,ERIN,43
510,"well, they paid for the doctor's visit.",358,DONNA,43
511,they did,359,ERIN,43
512,you bet.,359,DONNA,43
513,paid for a checkup for the whole family.,359,DONNA,43
514,"not like with insurance, where you pay and maybe you see some money in a year.",360,DONNA,43
515,they just took care of it.,360,DONNA,43
516,just like that.,360,DONNA,43
517,we never saw a bill.,361,DONNA,43
518,wow.,361,ERIN,43
519,why'd they do that,361,ERIN,43
520,the chromium.,362,DONNA,43
521, the what,363,ERIN,43
522, the chromium.,363,DONNA,43
523,"well, that's what kicked this whole thing off.",364,DONNA,43
524, what kind of chromium,371,FRANKEL,43
525, there's more than one,371,ERIN,46
526,"there's straightup chromium, it does good things for the body.",371,FRANKEL,46
527,"there's chrom three, which is fairly benign.",371,FRANKEL,46
528,"there's chrom six, hexavalent chromium...",371,FRANKEL,46
529,"...which, depending on the amounts, can be harmful.",371,FRANKEL,46
530,harmful how,371,ERIN,46
531,what would you get,371,ERIN,47
532,"with repeated exposure to toxic levels, anything...",373,FRANKEL,47
533,"...from chronic headaches to respiratory disease, liver failure...",373,FRANKEL,47
534,"...heart failure, reproductive failure, bone or organ deterioration.",376,FRANKEL,48
535,"plus, of course, any type of cancer.",377,FRANKEL,48
536,"so that stuff, it kills people.",378,ERIN,48
537,"yeah, definitely.",378,FRANKEL,48
538,highly toxic.,378,FRANKEL,48
539,highly carcinogenic.,378,FRANKEL,48
540,"it gets into your dna, so you pass the trouble to your kids.",378,FRANKEL,48
541,very bad.,378,FRANKEL,48
542,"well, what's it used for",379,ERIN,48
543,a rust inhibitor.,379,FRANKEL,48
544,"the utility plants use piston engines that get hot, they run water through.",379,FRANKEL,48
545,chromium's in the water to prevent corrosion.,379,FRANKEL,48
546,how do i find out what kind of chromium they use in hinkley,379,ERIN,48
547, been to their water board,379,FRANKEL,48
548, what's that,379,ERIN,48
549,every county has one.,379,ERIN,48
550,they keep records of anything in their jurisdiction.,379,ERIN,48
551, you should find something there.,379,ERIN,48
552, county water board.,379,ERIN,48
553, alrighty.,379,ERIN,48
554,"well, thanks.",379,ERIN,48
555, good luck.,379,FRANKEL,48
556,i wouldn't advertise what you're looking for.,380,FRANKEL,48
557,incriminating records have a way of disappearing when people smell trouble.,380,FRANKEL,48
558,i'll remember that.,381,ERIN,48
559,thanks.,381,ERIN,48
560,ithis guy's too smart.i,386,TV,50
561,iit's only a matter of timei iuntil he makes his move.i,387,TV,50
562,ihe positions women employeesi iin such a way...i,388,TV,50
563,i... that they have no choicei ibut to respond or lose their jobs...i,389,TV,50
564, that's a heavy door.,393,ERIN,50
565, let me give you a hand.,393,ROSS,50
566,thank you very much.,393,ERIN,50
567,"aren't you a gentleman, mr",393,ERIN,50
568, scott.,393,ROSS,50
569, mr. scott.,393,ERIN,50
570,pleased to meet you.,393,ERIN,50
571,i'm erin.,393,ERIN,50
572,erin.,393,ROSS,50
573,erin.,393,ROSS,50
574,cool.,393,ROSS,50
575,"what can i do for you, erin",394,ROSS,50
576,"believe it or not, i'm on the prowl for some water records.",395,ERIN,50
577,you come to the right place.,396,ROSS,50
578,i guess i did.,397,ERIN,50
579,"just tell me what you wanna look at, and i'd be glad to dig 'em out.",398,ROSS,50
580,i wish i knew.,399,ERIN,50
581,it's for my boss.,399,ERIN,50
582,he's in this water dispute...,399,ERIN,50
583,"...and he wants me to find all kinds of papers, from all kinds of places.",399,ERIN,50
584,"you know, it would probably be easiest...",401,ERIN,50
585,...if i squeezed back there and poked around myself.,401,ERIN,50
586, would that be all right with you,402,ERIN,50
587, come on back.,402,ROSS,50
588, i'm gonna need you to sign in here.,402,ROSS,50
589," oh, sure.",402,ERIN,50
590,"  pattee, is that your middle name",403,ROSS (CONT'D),50
591," no, maiden.",403,ERIN,50
592,"oh, you're married",404,ROSS,50
593,not anymore.,405,ERIN,50
594, can i just,407,ERIN,50
595, yeah.,407,ROSS,50
596,i love your pants.,408,ERIN,50
597,"oh, well, yeah, thanks.",408,ROSS,50
598,"well, this is it.",408,ROSS,50
599,it's impressive.,409,ERIN,50
600,i'll call you if i need anything.,410,ERIN,50
601, all right.,411,ROSS,50
602, okay.,411,ERIN,50
603, thank you.,411,ERIN,50
604, okay.,411,ROSS,50
605,where's my stuff,427,ERIN,55
606,where have you been,428,ANNA,55
607,where the fuck is my stuff,428,ERIN,55
608,don't you use language like that with...,428,ANNA,55
609,someone took my stuff.,429,ERIN,56
610, nice to see you.,430,JANE,56
611, i had photos of my kids...,430,ERIN,56
612,"toothbrush, toothpaste, mousse and deodorant.",430,JANE,56
613,what's going on,431,ERIN,56
614,this isn't a job where you can disappear for days at a time.,432,JANE,56
615,"you don't do the work, you don't get to stay.",432,JANE,56
616,all i've been doing is working.,433,ERIN,56
617,ask mr. masry.,433,ERIN,56
618,you ask mr. masry.,434,JANE,56
619,he fired you.,434,JANE,56
620,you said to fire me,437,ERIN,57
621,i'll call you back.,438,ED,57
622,you've been gone for a week.,438,ED,57
623,i left a message.,439,ERIN,57
624,i was gonna write a whole damn report.,439,ERIN,57
625,that's not how we work.,440,ED,57
626,you don't leave a message and take off.,440,ED,57
627, want me to check in every second,441,ERIN,57
628, it's called accountability.,441,JANE,57
629,"i'm not talking to you, bitch",441,ERIN,57
630,that's enough,441,ED,57
631,"look, erin, this incident aside, i don't think this is the right...",443,ED,57
632,...place for you.,444,ED,57
633,"so i'm gonna make a few calls, find you something else.",444,ED,57
634,don't bother.,445,ERIN,57
635,i'm trying to help.,446,ED,57
636,you're trying not to feel guilty about firing someone with 3 kids.,447,ERIN,57
637,fuck if i'm gonna help you do that.,449,ERIN,57
638,get back to work,450,ERIN,58
639,what the hell are you doing here,453,ERIN,59
640,i'm fixing the leak.,453,GEORGE,59
641,"damn it, i don't ask you to do things like that.",454,ERIN,59
642,look at this mess that you've made.,454,ERIN,60
643, i'm not done with that yet.,454,GEORGE,60
644," well, get it out.",454,ERIN,60
645, relax.,456,GEORGE,60
646, shit,456,ERIN,60
647,where did it go,456,ERIN,60
648,where is it,458,ERIN,60
649,back there.,459,GEORGE,60
650,behind your foot.,460,GEORGE,60
651, going up your leg now.,462,ERIN,60
652, jesus,462,ERIN,60
653,"who fucking lives like this, george",462,ERIN (CONT'D),60
654,who lets their kids run around in a place with bugs the size of house cats,463,ERIN (CONT'D),60
655,all you have to do is call an exterminator.,463,GEORGE,60
656,i can't call an exterminator.,464,ERIN,60
657,i can't afford one.,464,ERIN,60
658,i can't even afford my phone.,464,ERIN,60
659,i got fired.,465,ERIN,60
660,what,466,GEORGE,60
661,"what do you mean, you got fired",466,GEORGE,60
662,you're working so hard.,466,GEORGE,60
663,doesn't matter.,467,ERIN,60
664,doesn't make one fucking bit of difference.,468,ERIN,60
665,i don't know what happened to me.,472,ERIN,61
666,i mean...,473,ERIN (CONT'D),61
667,"god, i was miss wichita, for chrissake.",474,ERIN (CONT'D),61
668,did i tell you that,474,ERIN (CONT'D),61
669,"you are living next door to a real, live fucking beauty queen.",476,ERIN (CONT'D),61
670,i still have my tiara.,478,ERIN (CONT'D),61
671,and i thought it meant i was gonna do something important with my life.,478,ERIN (CONT'D),61
672,that it meant i was someone.,479,ERIN,61
673,you're someone to me.,482,GEORGE,61
674,are you gonna be something else that i have to survive,482,ERIN,61
675,because i'll tell you the truth...,482,ERIN,61
676,...l'm not up to it.,482,ERIN,61
677,i get up in the centre of the stage...,483,ERIN,61
678,...and i have the big bouquet of flowers.,483,ERIN,61
679,"i had my foot out like this,",483,ERIN,61
680, i will devote my entire reign as miss wichita...,483,ERIN,62
681,...to bringing an end to world hunger.,483,ERIN,62
682,and to the creation of a peaceful earth...,484,ERIN,62
683,"...for every man, woman and child.",484,ERIN,62
684, how long were you miss wichita,484,GEORGE,62
685, one year.,484,ERIN,62
686,by the time i got through opening new supermarkets...,485,ERIN,62
687,...i only had a few weeks left to work on hunger...,485,ERIN,62
688,...and world peace.,485,ERIN,62
689, world peace.,485,GEORGE,62
690,i don't know what i was thinking.,485,ERIN,62
691,"what about you, huh",487,ERIN,62
692,what about me,487,GEORGE,62
693,let me tell you something.,491,GEORGE,62
694,let me get that out of your hair.,491,GEORGE,62
695, thank you.,492,GEORGE,62
696, nice.,492,ERIN,62
697,you're a very special lady.,494,GEORGE (CONT'D),62
698,"don't be too nice to me, okay",494,ERIN,62
699,why,494,GEORGE,63
700,makes me nervous.,494,ERIN,63
701,"it's some slim pickings here, baby.",498,ERIN,63
702,maybe that's ed mcmahon.,499,ERIN,63
703,let's go see.,499,ERIN,64
704,wrong ed.,502,ERIN,65
705,what are you doing here,503,ERIN,65
706,i had an interesting call this afternoon from dr. frankel...,503,ED,65
707,...from ucla.,504,ED,65
708," oh, yeah",504,ERIN,65
709,he wanted you to know that the  legal limit for hexavalent chromium...,504,ED,65
710,...is.05 parts per million...,505,ED,65
711,"...and at the rate you mentioned, .58, it could be...",505,ED,65
712,...responsible for the cancers in that family you asked about...,505,ED,65
713,...the jensens.,506,ED,65
714,well.,506,ERIN,65
715,wasn't that nice of him,506,ERIN,65
716,"funny how some people help people, and others just fire them.",506,ERIN,65
717,i'm sorry.,507,ED,65
718,you were gone.,507,ED,65
719,i assumed you were off having fun.,507,ED,65
720,why the hell would you assume that,508,ERIN,65
721,maybe you look like someone who has a lot of fun.,509,ED,65
722,"by that standard, i assume you never get laid.",510,ERIN,65
723,i'm married.,511,ED,65
724,"look, what is this... what's the story on this cancer stuff",513,ED,65
725,"you wanna know, you have to hire me back.",514,ERIN,65
726,i got a ton of bills to pay.,514,ERIN,65
727,fine.,515,ED,65
728,fine.,515,ED,65
729,"donna just put in these new cabinets, stained the wood and all...",516,ERIN,66
730,"...when she gets a call from pge, saying a freeway's gonna be built...",516,ERIN,66
731,...and they wanna buy her house for an offramp.,516,ERIN,66
732,the husband's sick with hodgkin's.,517,ERIN,66
733,she keeps getting tumours...,517,ERIN,66
734,...believing one has nothing to do with the other.,517,ERIN,66
735,because pge told her about the chromium,517,ED,66
736,they had a seminar.,517,ERIN,66
737,they invited 200 people from the area...,517,ERIN,66
738,...had it at the plant...,517,ERIN,66
739,...about chromium three and how good it is...,518,ERIN (CONT'D),66
740,...when they're using chromium six.,518,ERIN,66
741,that document you found at the water board...,519,ED,66
742,...the one that says about the bad chromium...,519,ED,66
743,"you didn't happen to make a copy, did you",519,ED,66
744,of course i did.,520,ERIN,66
745,could i have a look,521,ED,66
746,i want a raise.,522,ERIN,66
747,"and benefits, including dental.",522,ERIN,66
748,it's not how i do business.,523,ED,66
749, what way is that,523,ERIN,66
750, extortion.,523,ED,66
751,"a 5 raise, we'll talk about benefits later.",525,ED,66
752,ten.,526,ERIN,66
753,there are lots of other places i could get work.,526,ERIN,66
754,"10 raise and benefits, but that's it.",527,ED,66
755,i'm drawing the line.,527,ED,66
756,he's drawing the line.,528,ERIN,66
757,this the only thing you got,530,ED,66
758,"well, the place is a pigsty.",530,ERIN,66
759,there's probably more.,530,ERIN,66
760,i know how those things are run.,530,ED,66
761,what makes you think you can just walk in there...,531,ED,66
762,...and find what we need,531,ED,66
763,"they're called boobs, ed.",532,ERIN,66
764,"yes, i'm sure it is.",536,ROSS,66
765,i understand.,536,ROSS,69
766,i agree.,537,ROSS,69
767,i agree.,537,ROSS,71
768,i'm going to.,537,ROSS,72
769,right now.,538,ROSS,72
770,i'm almost done.,540,ERIN,72
771,look.,540,ERIN,72
772,how are we doing,541,ROSS,72
773,we're doing great.,541,ERIN,72
774,good.,542,ROSS,72
775,"well, you've got quite a lot done already.",543,ROSS,72
776,so...,543,ROSS,72
777,"sorry, we need to have those records back now.",544,ROSS,72
778,no.,545,ERIN,72
779,these papers are public record.,547,ERIN,72
780,i'm not leaving...,547,ERIN,72
781,...until they're copied.,547,ERIN,72
782,"fax these to this number, okay",551,ED,73
783, all of them,552,BRENDA,73
784, all of them.,552,ED,73
785,an onsite monitoring well,558,DONNA,74
786, that means it was...  it's on the pge property.,559,ERIN,74
787,"and you say that this stuff, this hexavalent chromium...",560,DONNA,74
788," well, it's poisonous.",561,DONNA,74
789, yeah.,561,ERIN,74
790,"it's gotta be different than what's in our water, because ours is okay.",562,DONNA,74
791,the guys from pge told me.,563,DONNA,74
792,they sat right in the kitchen and told me that it was fine.,563,DONNA,74
793,i know.,563,ERIN,74
794,but the toxicologist that i've been talking to...,563,ERIN,74
795,...he gave me a list of problems that come from hexavalent chromium exposure.,563,ERIN,74
796,everything you all have is on that list.,564,ERIN,74
797,"no, no, no.",564,DONNA,74
798,that's not what... that's not what our doctor said.,564,DONNA,74
799,he said that...,564,DONNA,74
800,"well, that one's got absolutely nothing to do with the other.",564,DONNA,74
801,but pge paid for that doctor.,565,ERIN,74
802,ashley,569,DONNA,74
803,shanna,570,DONNA,74
804,get out of the pool,570,DONNA,75
805, how come,570,SHANNA,75
806," i said so, that's why.",570,DONNA,75
807,the minute brenda sent that fax...,572,ED,75
808,"...l'm saying, the second she pressed the send button...",572,ED,75
809,...pge's claim department was on the phone to me...,572,ED,75
810,...scheduling a meeting.,572,ED,76
811,so you think that... let me do it.,572,ERIN,76
812,you're driving me nuts.,572,ERIN,76
813,you think we scared them,572,ERIN,76
814,taking the trouble to send someone...,572,ED,76
815,...sounds like they're sitting up and taking notice.,572,ED,76
816,mr. foil,576,ED,76
817,in the interest of putting this to rest...,578,JANE,77
818,"...pge is willing to offer the jensens 250,000 for their home.",578,BAUM,79
819,"2,50,000",579,ED,79
820,in terms of land value in hinkley...,580,BAUM,79
821,...we feel that's a more than fair price.,580,BAUM,79
822,how about in terms of medical expenses,581,ED,79
823,"250,000 isn't gonna come close to what this family's gonna spend on doctors.",581,ED,79
824,"i understand they've had bad luck, healthwise.",582,BAUM,79
825,they have my sympathies.,582,BAUM,79
826,but that's not pge's fault.,582,BAUM,79
827,"you're kidding, right",582,ED,79
828,look at these readings.,583,ED (CONT'D),79
829,pge's own technicians documented...,583,ED (CONT'D),79
830,...toxic levels of hexavalent chromium in those wells...,583,ED (CONT'D),79
831,...on numerous occasions.,584,ED (CONT'D),79
832,everything the jensens have had...,584,ED (CONT'D),79
833,...is proven reaction to exposure to hexavalent chromium.,585,ED (CONT'D),79
834,they have had...,585,ED (CONT'D),79
835,they have had...,585,ED (CONT'D),79
836,"breast cysts, uterine cancer, hodgkin's, immune deficiencies...",585,ERIN,79
837,"...asthma, nosebleeds...",586,ERIN,79
838,a million things could cause those problems.,586,BAUM,79
839,"poor diet, bad genes, irresponsible lifestyle.",586,BAUM,79
840,our offer is final and more than fair.,586,BAUM,79
841,wait a minute.,587,ED,79
842,i thought we were negotiating here.,587,ED,79
843,"250,000 is all i'm authorized to offer.",588,BAUM,79
844,i'll present your offer to my clients.,589,ED,79
845,i doubt they'll accept.,590,ED,79
846,before you go off on a crusade...,591,BAUM,79
847,...remember who you're dealing with.,592,BAUM,79
848,pge's a 28 billion dollar corporation.,592,BAUM,79
849,28 billion dollars,593,ED,79
850,i didn't know it was that much,593,ED,79
851,wow,593,ED,79
852,twentyeight billion,593,ED,79
853,holy cow,595,ED,79
854,they made an offer.,596,ERIN,80
855,"no, a million would have been an offer.",596,ED,80
856,they send that...,596,ED,80
857,"...mail clerk down to jerk me off, waste my time.",597,ED,80
858,why,598,ERIN,80
859,you heard what that kid said.,599,ED,80
860,they have 28 billion dollars.,599,ED,80
861,they can afford to waste time.,599,ED,80
862, you can't,601,ERIN,80
863, am i made of money,601,ED,80
864, why are you yelling,602,ERIN,80
865, i'm pissed.,602,ED,80
866, fuck you,606,ED,80
867, fuck you back,606,ERIN,80
868,i really hate you sometimes.,609,ED,80
869,no.,610,ERIN,80
870,you love me.,610,ERIN,80
871,you've been reading for hours.,612,ROSALIND,82
872,i'm a slow reader.,612,ERIN,82
873,excuse me.,615,MANDY,82
874, are you erin brockovich,615,MANDY,82
875, yeah.,615,ERIN,82
876,i'm tom robinson.,616,TOM,82
877,"this is my wife, mandy.",616,TOM,82
878,we used to live across the street from the jensens.,617,TOM,82
879,i think you know donna.,618,TOM,82
880,pge bought our house last year.,618,TOM,82
881,"well, the vet said they had a bunch of tumours and stuff.",619,TOM,83
882,"well, you can see they couldn't really walk.",619,TOM,83
883,how many were born like this,620,ERIN,83
884,twelve or 13 or so.,620,TOM,83
885,when donna told us what you told her about the chromium...,620,MANDY,83
886,...we figured it might have something to do with this.,620,MANDY,83
887,"yeah, it might.",620,ERIN,83
888,"really, may i keep these",620,ERIN,83
889, yeah.,620,ERIN,83
890," okay, great.",620,ERIN,83
891,thank you so much.,620,ERIN,83
892,i really appreciate it.,620,ERIN,83
893,there's something else too.,621,MANDY,83
894,what,622,ERIN,83
895,"mandy, here, has had...",623,TOM,83
896,...five miscarriages.,623,TOM,83
897,i'm so sorry.,624,ERIN,83
898,i figured it was something i did.,625,MANDY,83
899,"like, when i smoked marijuana, maybe...",625,MANDY,83
900,...or took birth control pills...,625,MANDY,83
901,...but then donna said that you thought...,625,MANDY,83
902,...this chromium might be to blame for her problems.,625,MANDY,83
903,so i figured maybe...,625,MANDY,83
904,...it wasn't just me.,625,MANDY,83
905,i have to take a bath.,627,ERIN,84
906,you should go in.,628,GEORGE,84
907,they're not asleep,628,ERIN,84
908,beth and katie are.,628,GEORGE,84
909, how was school,632,ERIN,85
910, fine.,632,MATTHEW,85
911, did you do your homework,632,ERIN,85
912, yeah.,632,MATTHEW,85
913,any problems,632,ERIN,85
914,"i know you're upset, but the way this job is...",637,ERIN (CONT'D),85
915,...things come up at the last minute.,637,ERIN (CONT'D),85
916,things that i gotta deal with.,637,ERIN (CONT'D),85
917,fine,640,MATTHEW,85
918,please don't be mad at me.,642,ERIN,85
919,i'm doing this for us.,642,ERIN,85
920,i know it's hard for you to understand...,642,ERIN,85
921,...but don't you want mommy to be good at her job,642,ERIN,85
922,i don't miss dinner all the time.,644,ERIN,85
923,we all ate together last night.,644,ERIN,85
924,you were reading the whole time.,645,MATTHEW,85
925,"there's something about this thing i don't understand, mr. masry.",651,PETE,90
926,if pge messed with our water...,652,PETE,90
927,...why would they say anything about it to us at all,652,PETE,90
928,why not just keep quiet about it,653,PETE,90
929,to establish a statute of limitations.,654,ED,90
930,"in a case like this, you only have one year...",654,ED,90
931,...from the time you learn about the problem to file suit.,654,ED,90
932,so pge figures...,655,ED,90
933,...we'll let the cat out of the bag.,657,ED,90
934,tell them the water isn't perfect.,657,ED,90
935,if we can ride out the year with no one suing...,658,ED,90
936,...we'll be in the clear forever.,658,ED (CONT'D),90
937,but they told us more than a year ago.,659,DONNA,90
938, that's okay.,660,ED,90
939,we're not suing.,660,ED,90
940, not yet.,660,ERIN,90
941,all we're doing is using this information...,660,ED,90
942,...to get you a nice purchase price on your house.,660,ED,90
943,"and you two, a comparable retroactive bonus on your sale price.",661,ED,90
944,pge still looks good to their shareholders.,662,ED,90
945,they're not in a lawsuit.,663,ED,90
946,all they're doing is buying property.,663,ED,90
947,doesn't say how much this thing's gonna cost us.,664,ROY,90
948,my fee is 40 of whatever you get awarded.,665,ED,90
949,"boy, do i know how you feel.",669,ERIN,90
950,"the first time i heard that number, i said, you're kidding me.",669,ERIN,90
951,forty goddamned percent,670,ERIN,90
952,"i'm the one that's injured, and this joker sits at a desk all day...",670,ERIN,90
953,...and he wants almost half of my reward,671,ERIN,90
954," erin, can i...",672,ED,90
955, but then...,672,ERIN,90
956,...i asked him...,673,ERIN,90
957,...what he makes if i don't get anything.,673,ERIN,90
958,then i don't get anything either.,674,ED,90
959,"plus, he's out all the costs.",675,ERIN,90
960,so i realized...,676,ERIN,90
961,...he's taking a chance too.,676,ERIN,90
962,"you got a pen, honey",680,PETE,90
963,"all right, then.",683,ED,90
964,"oh, i made a bundt cake.",685,DONNA,90
965,who would like coffee and cake,685,DONNA,90
966, i do.,686,ERIN,90
967," thanks, but we have to get back.",686,ED,90
968,"have a fucking cup of coffee, ed.",687,ERIN,90
969,coffee will be great.,687,ED,90
970,thank you.,687,ED,90
971, all right.,688,DONNA,90
972, i'll help you.,688,ERIN,90
973,my wife makes really good bundt cake.,690,PETE,90
974,i love bundt cake.,690,ED,90
975,"well, it seems like everybody in the family ended up with a rash somehow.",691,FARMER,91
976,"it seemed like no matter what we did, it always came back.",692,FARMER,91
977,over what kind of period of time,693,ERIN,91
978,"oh, long time, you know, years.",693,FARMER,91
979,i never did keep track of it.,693,FARMER,91
980,kids are sick.,693,FARMER,91
981,animals need to be fed.,693,FARMER,91
982,just couldn't get rid of it.,693,FARMER,91
983,"well, mrs. de soto said...",694,ERIN,92
984,...that she wasn't exactly sure what you had.,695,ERIN,92
985,we know what it is.,695,NEW FAMILY,92
986, it's gastrointestinal...  gastrointestinal cancer.,695,NEW FAMILY,92
987, she got sick about nine months ago...  nine months ago.,696,NEW FAMILY,92
988,and they operated on her about six months ago.,696,NEW FAMILY,92
989, the intestine.,696,NEW FAMILY,92
990, right.,696,ERIN,92
991, hi.,698,ERIN,95
991,i'm erin brock.,698,ERIN,95
992,i know who you are.,698,PAMELA,95
993,donna called me.,699,PAMELA,95
994,can i come in,699,ERIN,95
995,we're not interested in getting involved.,700,PAMELA,95
996,can i ask why,701,ERIN,95
997,what's the point,702,PAMELA,95
998,donna told me that you've been sick and that your kids were sick...,703,ERIN,95
999,you people don't give a shit.,704,PAMELA,95
1000,anything to get what you want.,704,PAMELA,95
1001,ithanks for havingi me...,705,ERIN,96
1002,it's a good day to come by.,705,ANNABELLE,96
1003,she's feeling good.,705,ANNABELLE,96
1004,"well, mike ambrosino had remembered...",706,ERIN,96
1005,...that he had seen you folks at the hospital.,707,ERIN,96
1006,that's what brought me out here.,707,ERIN,96
1007,"yeah, we've been there from time to time.",708,ANNABELLE,96
1008,and you,709,ERIN,96
1009,wooftie,709,ANNABELLE,96
1010,ain't you a beauty,709,ERIN,96
1011,"you drive all the boys crazy, don't you",710,ERIN,96
1012,i can see it in your eyes.,710,ERIN,96
1013,you drive them wild.,710,ERIN,96
1014,"you do, don't you",711,ERIN,99
1015,torture them.,712,ERIN,99
1016,it's good for them.,712,ERIN,99
1017,don't teach her anything too early.,712,ANNABELLE,99
1018,"yeah, she can't wait to get on her new dress.",713,ANNABELLE,99
1019,she wants to go to school.,713,ANNABELLE,99
1020,"we're trying to do that, in a few months.",713,ANNABELLE,99
1021,"yeah, get her out of her nightgown here.",714,ANNABELLE,99
1022,she's gonna do it.,715,ANNABELLE,100
1023,absolutely not.,717,ED,100
1024, why not,717,ERIN,100
1025, because i said no.,717,ED,100
1026,the reason pge even talks to us...,717,ED,100
1027,...is because this is a quiet realestate dispute.,717,ED,100
1028,"we add plaintiffs, we're in the middle of a toxictrot...",717,ED,100
1029,"...with a statute problem, against a massive utility.",717,ED,100
1030,"no, thank you.",717,ED,100
1031,"okay, so here's what i'll do.",718,ERIN,101
1032,"i'll go to the daniels', the nicest people you'll ever meet...",718,ERIN,101
1033,...who watch their girl fight like a dog against cancer.,718,ERIN,101
1034,i'll tell them...,718,ERIN,101
1035,"...we can't help them, because you just don't wanna work that hard.",718,ERIN,101
1036,work hard,719,ED,101
1037,let me tell you something.,719,ED,101
1038,i've worked all my life.,719,ED,101
1039,i've built a firm and kept it alive through lawsuits and injunctions.,720,ED,101
1040,"i've survived a quadruple bypass, cancer...",721,ED,101
1041,...being born with one kidney and diabetes.,721,ED,101
1042,i personally managed to save a million dollars...,722,ED (CONT'D),101
1043,"...over 30 years, getting clients 10 times that.",722,ED (CONT'D),101
1044,don't tell me i don't work hard,723,ED (CONT'D),101
1045,"don't tell me i can't stop, take a breath and enjoy life.",723,ED (CONT'D),101
1046,what the hell do you know about any of this,723,ED,101
1047,"something like this, erin, it could take forever.",724,ED,101
1048,they're a huge corporation,725,ED,101
1049,they'll bury us in paperwork for years.,725,ED,101
1050,"i'm just a guy with a small, private firm",725,ED,101
1051,who knows they poisoned people and lied about it.,726,ERIN,102
1052,we can get these people.,727,ERIN,103
1053,"with a little effort, i think we can nail their asses to the wall.",727,ERIN,103
1054,"with your legal expertise, you believe that",727,ED,103
1055, don't you ever just know,727,ERIN,103
1056, do you know about money,727,ED,103
1057,they settle due to lack of money.,727,ED,103
1058,you know what toxicologists and geology experts cost,727,ED,103
1059,"we're looking at 100,000 a month.",727,ED,103
1060, i've already spent some of my savings.,727,ED,103
1061, we'll figure it out.,727,ERIN,103
1062,"i don't know shit, but i know the difference between right and wrong",728,ERIN,103
1063, lovers' quarrel,729,JANE,103
1064," bite my ass, krispy kreme.",729,ERIN,104
1065,i feel you looking at me.,731,ERIN,105
1066,i'm sorry.,735,ERIN,105
1067,how many families are we talking about,736,ED,105
1068,four more.,736,ERIN,105
1069,eleven people so far.,736,ERIN,105
1070,there's more,736,ED,105
1071,"i found a document at the water board, a toxic test well reading from 1967.",737,ERIN,105
1072,more people have lived there since then.,737,ERIN,105
1073,this is a whole different ball game.,738,ED,105
1074,a much bigger deal.,738,ED,105
1075,kind of like david and what's hisname.,739,ERIN,105
1076,kind of like david and what's hisname's whole fucking family.,740,ED,105
1077,here's the deal.,740,ED,105
1078,"if, and only if, you find all the evidence to back this up, i'll do it.",740,ED,105
1079,you're doing the right thing.,741,ERIN,105
1080,remind me of that when i'm filing for bankruptcy.,742,ED,105
1081,"of course, gathering evidence is a big job.",743,ERIN,105
1082,hell of a lot bigger than just filing.,743,ERIN,105
1083,i'll be working a lot harder...,744,ERIN,105
1084,...taking on a lot more responsibility.,744,ERIN,105
1085, i don't believe this.,745,ED,105
1086, a raise wouldn't hurt.,745,ERIN,106
1087,i'll spend more time in my car...,745,ERIN,106
1088,...so i'll probably be needing one of those cell phones.,745,ERIN,106
1089, i don't believe this.,748,ED,106
1090, just a little phone.,748,ERIN,106
1091,thank you,773,ERIN,106
1092,iwhoever is behind you.i,776,KIDS,106
1093,just play.,777,KIDS,106
1094,"go, roll the dice and play.",778,KIDS,106
1095,"come on, aren't you gonna play",778,KIDS,112
1096,roll the dice.,778,KIDS,112
1097,come on.,778,KIDS,112
1098,hello.,779,ERIN,113
1099,iis this the erin brockovich that'si ibeen snooping around the water boardi,779,MALE VOICE (O.S.),113
1100,yeah.,780,ERIN,113
1101,who's this,780,ERIN,113
1102,iyou should watch your step.i,780,MALE VOICE,113
1103,ia young lady with three youngi ichildren really should think again.i,780,MALE VOICE,113
1104,who is this,780,ERIN,113
1105,ido you understand what i'm sayingi,782,MALE VOICE,113
1106,iwho is iti,783,GEORGE,113
1107,iit's okay.i,784,ERIN,113
1108,"i'm not gonna quit because of one creepy phone call, george.",785,ERIN,114
1109,"come on, erin.",785,GEORGE,114
1110,a job shouldn't put you in danger.,785,GEORGE,114
1111,i'm not in danger.,785,ERIN,114
1112, the phone might be tapped but...  what,785,ERIN,114
1113,that's usual.,785,ERIN,114
1114,"we've got a dead bolt, it's not a big deal.",785,ERIN,114
1115,you don't think you're a little out of your league,786,GEORGE,114
1116,that's what those pge fucks want me to think.,786,ERIN,114
1117,but they're wrong.,786,ERIN,114
1118,"erin, there are plenty of jobs out there.",786,GEORGE,114
1119,how would you know,787,ERIN,114
1120,what that's supposed to mean,788,GEORGE,115
1121,you got a problem with me caring for your kids instead of a job,788,GEORGE,115
1122,i can get a job.,788,GEORGE,115
1123,you can leave the kids with the chickenfat lady again.,788,GEORGE,115
1124,i said i'm sorry.,788,ERIN,115
1125,keep your voice down.,788,ERIN,115
1126,"i know what these kids can sleep through, better than you.",788,GEORGE,115
1127,"scott, tell me something.",792,ERIN,116
1128,does pge pay you to cover their ass,792,ERIN,116
1129,or do you just do it out of the kindness of your heart,792,ERIN,116
1130,i don't know what you're talking about.,792,ROSS,116
1131,nobody calls me pattee.,792,ERIN,116
1132,that sicko that called could've only found out about me from you.,792,ERIN,116
1133,"people are dying, scott.",792,ERIN,116
1134,you've got document after document...,792,ERIN,116
1135,"...that says why, and you haven't said one word about it.",792,ERIN,116
1136,i wanna know how the hell you sleep at night.,792,ERIN,116
1137,"i'm about to drive off the road, i'm so tired.",795,ERIN,117
1138,keep me awake.,795,ERIN,117
1139,"what do you want, a joke",796,GEORGE,117
1140,"no, i don't want a joke.",797,ERIN,117
1141,tell me about what went on back there.,797,ERIN,117
1142,"come to think of it, we had a big event around here.",798,GEORGE,117
1143,beth started talking.,798,GEORGE,117
1144,what,799,ERIN,117
1145,beth,799,ERIN,117
1146,my beth,799,ERIN,117
1147,iwe were sitting around...i,799,GEORGE,117
1148,...and she pointed,800,GEORGE,117
1149, ball.,800,GEORGE (CONT'D),117
1150,out of the blue like that.,800,GEORGE (CONT'D),117
1151,iit was pretty intense.i,801,GEORGE (CONT'D),117
1152,"you know, seeing somebody's first word.",801,GEORGE,117
1153,"of all the words in her life, ball.",801,GEORGE,117
1154,ball.,801,GEORGE,117
1155,she pointed her little finger...,801,GEORGE,117
1156,"... with her beautiful, soft,i ichubby little arm...",801,GEORGE,117
1157,... and her cheeks.,801,GEORGE,117
1158,it's like she'd beeni ilooking at it for months...,801,GEORGE,117
1159,"... and couldn't get it out,i ibut knowing what it was.",801,GEORGE,117
1160,she didn't look away or anything.,801,GEORGE,117
1161,she was just sittingi ithere with her arm out.,801,GEORGE,117
1162,you should've seeni imatthew and katie and me.,801,GEORGE,117
1163,our jaws just dropped.,801,GEORGE,117
1164,we must've stood there for three ori ifour minutes and just looked at her.,801,GEORGE,117
1165,she just had her arm outi ilike that.,801,GEORGE,117
1166,ball.,801,GEORGE,117
1167,"and, you know,",801,GEORGE,117
1168,her little lips wrapped around it.,801,GEORGE,117
1169,it was great.,801,GEORGE,117
1170,it was intense.,801,GEORGE,117
1171,i brought some stuff that you might be interested in.,802,ERIN,119
1172,"my name's erin, and i'll be here all day.",804,ERIN,119
1173,let's go over to these nice ladies.,805,ERIN,119
1174,hi.,805,ERIN,119
1175, how are you,805,ERIN,119
1176, good.,805,WOMAN,119
1177,"i brought some information today, if you wanna have a look at it.",806,ERIN,119
1178,"if you have any questions, let me know.",806,ERIN,119
1179,hi.,807,ED,119
1180,"excuse me, ladies, i'm ed masry.",807,ED,119
1181,i'm the lawyer involved in the case.,807,ED,119
1182,you might like to read these.,807,ED,119
1183,"if you have questions, i'm here all day.",808,ERIN,119
1184, sounds good.,808,WOMAN,119
1185,thank you.,808,ERIN,119
1186, thanks so much.,808,ERIN,119
1187,is your phone number in this,808,WOMAN,119
1188,there's more important information than that in there.,808,ERIN,119
1189,i'm bored.,809,GEORGE,119
1190,so are the kids.,809,GEORGE,119
1191,"i'm a little busy, honey.",809,ERIN,119
1192,we invited these people.,809,ERIN,119
1193,ed and i have to...,809,ERIN,119
1194,i'm sorry.,809,ERIN,119
1195,you know what,809,ERIN,119
1196,"please, i have an idea.",810,ERIN,119
1197,can you take her,810,ERIN,119
1198,"she's getting heavy, and i'll work faster if you take her.",810,ERIN,119
1199,got a knee for me,813,ERIN,119
1200, hello.,814,ERIN,119
1201," hello, sweetness.",814,GEORGE,119
1202, guess what,814,ERIN,119
1203, what,814,GEORGE,119
1204,i would like to go home.,814,ERIN,119
1205,everything's done,815,GEORGE,119
1206,we got a lot done.,815,ERIN,119
1207,did you,816,GEORGE,119
1208,i think i ate three watermelons.,816,GEORGE,119
1209,piggyback,816,KIDS,119
1210,"let's go, brother.",817,KIDS,119
1211,get on.,817,GEORGE,119
1212,careful.,817,ERIN,119
1213,"here, get on me, now.",817,KIDS,119
1214,"erin, excuse me.",818,DONNA,119
1215,"this is nelson perez, he works at the compressor station.",819,DONN,119
1216," hi, nice to meet you.",819,ERIN,119
1217, pge.,819,DONNA,119
1218,"oh, hi.",819,ERIN,119
1219, i've come at a bad time.,819,DONNA,119
1220, no.,819,ERIN,119
1221, can you just give me one...,819,ERIN,119
1222, of course.,819,DONNA,119
1223,sure.,819,DONNA,119
1224,thank you.,820,ERIN,119
1225,you know what,820,ERIN,119
1226,"why don't you guys go ahead without me, and i'll get a ride with ed.",820,ERIN,119
1227," no, mom.",821,KIDS,119
1228," no, sweetie, i'll be right behind you.",821,ERIN,119
1229,"i'll be right behind you, all right",821,ERIN,119
1230, i really...,822,ERIN,119
1231,this is so...  fine.,822,ERIN,119
1232,"go, go, go.",822,GEORGE,119
1233,"get down, bud.",822,GEORGE,119
1234,hang on tight there.,822,GEORGE,119
1235,help your sister with her shoes.,823,GEORGE,119
1236,let's go.,823,GEORGE,119
1237,this is so helpful.,828,ERIN,119
1238,is it okay if i write this down,828,ERIN,119
1239,i have so many questions.,828,ERIN,119
1240,"i wanna know about how the plant works and the cooling towers, just everything.",828,ERIN,119
1241,"i wanna know about how the plant works and the cooling towers, just everything.",828,ERIN,119
1242,"they use the hexachrome here, in these cooling towers, as an anticorrosive.",828,ERIN,125
1243,then they dump the excess water into these ponds.,829,ERIN,125
1244,i don't remember seeing any ponds up there.,830,ED,125
1245,"they've been covered over, and not too carefully.",830,ERIN,125
1246,if you dig one inch under the surface...,830,ERIN,125
1247,...dirt's as green as a fucking shamrock.,830,ERIN,125
1248,and that's what caused the contamination,830,ED,125
1249,"it didn't help, but no.",830,ERIN,125
1250,the problem started on the bottom.,830,ERIN,125
1251,according to...,831,ERIN,125
1252,...this...,831,ERIN,125
1253,...in most cases you would line these ponds...,831,ERIN,125
1254,...so the shit didn't seep into the ground.,831,ERIN,125
1255, but guess what,832,ERIN,125
1256, they skipped that step,832,ED,125
1257,"here are the ponds, the plume comes down...",833,ERIN,125
1258,...and hinkley is down here...,834,ERIN,125
1259,...it's 14 years of hexachrome flowing into the groundwater.,834,ERIN,125
1260,jesus.,835,ED,125
1261,this guy just offered all this information,835,ED,125
1262,"well, yeah.",836,ED,125
1263,nelson cares what's in those ponds.,836,ERIN,125
1264,he used to spend time wading around them.,836,ERIN,125
1265,that was his job.,836,ERIN,125
1266,shit.,838,ED,125
1267,what's the matter,840,ERIN,125
1268,i don't know if we can pull this off.,841,ED (CONT'D),125
1269,this is a monster case.,841,ED (CONT'D),125
1270,we're up to 411 plaintiffs.,841,ED,125
1271,we've taken 162 declarations.,841,ED,125
1272,probably hundreds more out there have moved away.,841,ED,125
1273,"we have to find them, it's taking time.",841,ED,125
1274,"money's going out, nothing's coming in.",841,ED,125
1275,i have to take a second mortgage.,841,ED,125
1276, so,842,ERIN,125
1277, so,842,ED,125
1278,i have to tell you.,843,ED,125
1279,i've been making inquiries with other firms...,843,ED,125
1280,...bigger firms to share some of the cost.,844,ED,125
1281,"they all said no, said they don't have it.",844,ED,125
1282,we got pge by the balls.,844,ERIN,125
1283,"pge hinkley, but nobody'll get rich unless we pin this on corporate...",845,ED,125
1284,...in san francisco.,846,ED,125
1285, what do you mean,846,ERIN,125
1286,pge corporate claims they didn't know about hinkley.,846,ED,125
1287,they knew.,847,ERIN,125
1288,they had to know.,847,ERIN,125
1289,show me the document to prove it.,847,ED,125
1290,then they didn't know.,849,ED (CONT'D),125
1291,"if so, we can't hit them with punitive damages.",849,ED (CONT'D),125
1292,"with punitive damages, it's a sum of money that can...",849,ED (CONT'D),125
1293,...have some effect on these people's lives.,850,ED,125
1294,so what do we do now,850,ERIN (CONT'D),125
1295,let's assume there are documents connecting pge hinkley and corporate...,851,ED,125
1296,...and they know about them.,851,ED,125
1297,we take our 400 or so plaintiffs and everything you've dug up...,852,ED,125
1298,...we file a lawsuit to provoke a reaction.,853,ED,125
1299,"see if they offer a reasonable settlement, or throw more paper at us.",853,ED,125
1300,sounds great.,854,ERIN,125
1301,let's do that.,854,ERIN,125
1302,there's a downside.,854,ED (CONT'D),125
1303,pge will submit a demurrer.,855,ED (CONT'D),125
1304,a list attacking each complaint...,855,ED (CONT'D),125
1305,...claiming that each cause of action has no merit.,855,ED (CONT'D),125
1306,and if the judge agrees with them...,855,ED,125
1307,...he'll dismiss our case.,856,ED,125
1308,pge will have no reason to settle.,856,ED,125
1309,then it's all over.,857,ED,125
1310,so basically it all comes down to...,858,ERIN,125
1311,...what this one judge decides.,858,ERIN,125
1312,"basically, yeah.",859,ED,125
1313,jesus.,860,ERIN,125
1314,"well, i'd got so used to having them come up benign.",868,DONNA,127
1315,guess i just didn't expect it.,869,DONNA,127
1316,i sure wish i would've had longer to get used to the idea.,870,DONNA (CONT'D),127
1317,you think if you got no uterus...,870,DONNA (CONT'D),127
1318,...and no breasts...,870,DONNA (CONT'D),127
1319,...you're still technically a woman,870,DONNA (CONT'D),127
1320,sure you are.,871,ERIN,127
1321,"yeah, you just...",871,ERIN,127
1322,you're actually a happier woman.,871,ERIN,127
1323,no need to worry about maxipads and underwire.,871,ERIN,127
1324,"we're gonna get them, aren't we",872,DONNA,127
1325,you gotta promise me that we're gonna get them.,873,DONNA,127
1326,i have before me a complaint on behalf of residents...,875,JUDGE,128
1327,"... of hinkley, california, whoi ihave filed against pge.",878,JUDGE,128
1328,"for damages, medical expenses and personal trauma...",879,JUDGE,128
1329,...due to contamination of the ground water in their area by the defendant.,880,JUDGE,128
1330,and i have here 84 motions to strike and demurrers...,881,JUDGE,128
1331,...submitted by representatives of pacific gas  electric.,882,JUDGE,128
1332,each one attacking the validity of this complaint.,884,JUDGE,128
1333,i have reviewed all of the information carefully.,885,JUDGE,128
1334,i'm ready to give my decision.,886,JUDGE,128
1335,"before i do, is there anything anyone wants to say",886,JUDGE,128
1336," no, your honour.",888,ED,128
1337," no, your honour.",888,PG&E LAWYER,128
1338,very well.,889,JUDGE SIMMONS,128
1339,"in the matter of the plaintiffs of hinkley, california vs. pge...",889,JUDGE SIMMONS (CONT'D),128
1340,...it is the order of this court that each of the 84 motions to strike...,890,JUDGE SIMMONS (CONT'D),128
1341,...and demurrers are denied.,890,JUDGE SIMMONS (CONT'D),128
1342,and the causes of action against pacific gas and electric are upheld.,891,JUDGE SIMMONS (CONT'D),128
1343,on a more personal note...,892,JUDGE SIMMONS (CONT'D),128
1344,"...as a resident here in barstow, which is not far from hinkley...",893,JUDGE SIMMONS (CONT'D),128
1345,...i am disturbed by reference...,893,JUDGE SIMMONS (CONT'D),128
1346,...to evidence that suggests that not only was hexavalent chromium used...,893,JUDGE SIMMONS (CONT'D),128
1347,...but that your clients actually sent these residents...,893,JUDGE SIMMONS (CONT'D),128
1348,...pamphlets telling them that it was good for them.,895,JUDGE,128
1349,tell your clients they're going to trial.,896,JUDGE,128
1350,jesus.,899,ERIN,130
1351,they look like the secret service.,899,ERIN,130
1352,intimidation.,900,ED,130
1353,let the games begin.,900,ED,130
1354,show them into the conference room.,900,ED,131
1355,"donald, anna...",900,ED,131
1356,...i wanna talk to you for a minute.,902,ED,131
1357,counsellors.,904,ED,131
1358,counsellors.,904,MR. SANCHEZ,131
1359,let's be honest.,906,SANCHEZ,132
1360,"20,000,000 is more than these people have ever dreamed of.",907,SANCHEZ,132
1361,now that pisses me off.,908,ERIN,132
1362,"first of all, since the demurrer, we have more than 400 plaintiffs.",910,ERIN,132
1363,"let's be honest, we know there's more.",910,ERIN,132
1364,"they may not be sophisticated, but they can divide...",911,ERIN,132
1365,"...and 20,000,000 isn't shit after splitting it.",912,ERIN,132
1366,second of all...,913,ERIN,132
1367,...they don't dream of being rich.,914,ERIN,132
1368,they dream about watching their kids in a pool...,916,ERIN,132
1369,...without worrying that they'll have a hysterectomy at 20.,917,ERIN,132
1370,"like rosa diaz, our client.",918,ERIN,132
1371,"or have their spine deteriorate, like stan bloom, another client of ours.",919,ERIN,132
1372,so before you come back here with another lameass offer...,921,ERIN (CONT'D),132
1373,...i want you to think real hard about what your spine is worth.,921,ERIN (CONT'D),132
1374,or what you expect someone to pay you for your uterus.,923,ERIN (CONT'D),132
1375,then take out your calculator and multiply that number by 100.,925,ERIN (CONT'D),132
1376,anything less than that is a waste of our time.,926,ERIN (CONT'D),132
1377,we had that water brought in special for you folks.,929,ERIN (CONT'D),132
1378,came from hinkley.,929,ERIN,132
1379,i think this meeting's over.,936,SANCHEZ,132
1380,damn right it is.,937,ED,132
1381,what the fuck,947,ERIN,134
1382,did a bomb blow up,947,ERIN,134
1383,you letting the kids run wild,947,ERIN,134
1384,what's that,951,ERIN,134
1385,i saw them in a mall one day.,954,GEORGE,134
1386,"i said,  damn...",954,GEORGE,134
1387,...they'll look good on those beautiful ears.,954,GEORGE,134
1388,"i bought them and i said, when erin does something nice, i'll surprise her.",954,GEORGE,134
1389,you know how long ago that was,955,GEORGE,134
1390,six months ago.,955,GEORGE,134
1391," i'm sorry, i've just...",956,ERIN,134
1392,and so what i'm thinking is either you gotta find a different job or a different guy.,957,GEORGE,134
1393,i mean...,959,GEORGE,134
1394,there may be many men out there who don't mind being the maid...,959,GEORGE,134
1395,...and getting nothing.,959,GEORGE,134
1396,but i ain't one of them.,959,GEORGE,134
1397,"i can't leave my job, george.",960,ERIN,134
1398,"yes, you can.",961,GEORGE,134
1399,people do it all the time.,961,GEORGE,134
1400,how can you ask me to do that,962,ERIN,134
1401,this job...,962,ERIN,134
1402,"for the first time in my life, i got people respecting me.",962,ERIN,134
1403,up in hinkley...,962,ERIN,134
1404,"...i walk into a room, everybody shuts up to hear what i have to say.",962,ERIN,134
1405,"i never had that before, ever.",962,ERIN,134
1406,"please, don't ask me to give it up.",962,ERIN,134
1407,what about your kids,963,GEORGE,134
1408,i'm doing more for them now than i did living with my parents.,964,ERIN,134
1409,one day they'll see it.,964,ERIN,134
1410," well, what about me",966,GEORGE,134
1411, what about you,966,ERIN,134
1412,you think the men who gave me those children...,968,ERIN,134
1413,...asked me what i wanted before walking away,968,ERIN,134
1414,all i've ever done is bend my life around...,968,ERIN,134
1415,...what men decide they need.,968,ERIN,134
1416,"well, not now.",968,ERIN,134
1417,i'm sorry.,968,ERIN,134
1418,i won't do it.,968,ERIN,134
1419,well...,969,GEORGE,134
1420,"erin, i'm not them.",969,GEORGE,134
1421,so...,969,GEORGE,134
1422,what more can i do to prove that to you,969,GEORGE,134
1423,stay.,970,ERIN,134
1424,what for,975,GEORGE,134
1425,"i mean, you got a raise.",975,GEORGE,134
1426,you can afford daycare.,975,GEORGE,134
1427,you don't need me.,975,GEORGE,134
1428,hi.,984,ERIN,138
1429,"we can get them, pamela.",988,ERIN,138
1430,we can.,990,ERIN,138
1431,i don't wanna feel it all over again...,991,PAMELA,138
1432,...and then not have it come out right.,991,PAMELA,138
1433,i don't know if i could handle that.,991,PAMELA,138
1434,put the kids through that.,991,PAMELA,138
1435,"the thing is, it doesn't matter whether you win, lose or draw here.",992,ERIN,138
1436,you were lied to.,992,ERIN,138
1437,you're sick and your kids are sick because of those lies.,992,ERIN,138
1438,you all have to come together...,992,ERIN,138
1439,...to stand up in a courtroom and say that.,992,ERIN,138
1440,i'd bring the kids into the hospital...,993,PAMELA,138
1441,...with towels soaked from their nosebleeds.,993,PAMELA (CONT'D),138
1442,they called county services because they assumed the kids were abused.,995,PAMELA (CONT'D),138
1443,am i gonna get the best behaviour in the office,997,ERIN,140
1444,no.,997,KIDS,140
1445,what's with the attitude,997,ERIN,140
1446,"i just need cool, i need quiet.",997,ERIN,140
1447,hello.,997,ERIN,140
1448,am i alone in the car,997,ERIN,140
1449,yes,997,ERIN,140
1450, i don't understand why...  i don't wanna talk about it now.,998,ERIN,140
1451, the other moms gave permission.,998,KIDS,140
1452, i don't care.,998,ERIN,140
1453, so when can i get a friggin' answer,998,MATTHEW,140
1454, don't talk to me like that,998,ERIN,140
1455,randy's mom said yes.,998,MATTHEW,140
1456,"goddamn it, randy's mom doesn't work, and his dad didn't leave her",998,ERIN,140
1457,figuring out who takes him to roller hockey...,998,ERIN,140
1458,...is probably easier at randy's house.,998,ERIN,140
1459,now cool it.,998,ERIN,140
1460,i'll be as quick as i can.,999,ERIN,141
1461,"matthew, can you watch your sister",999,ERIN,141
1462, matthew.,999,ERIN (CONT'D),141
1463," all right, fine.",999,MATTHEW,141
1464,"come here, beth.",999,ERIN,141
1465, can i come with you,999,KIDS,141
1466," no, baby, i'll just be a second.",999,ERIN,141
1467,thank you.,1005,ED,145
1468,i'm only sorry you couldn't meet erin.,1005,ED,145
1469, i will.,1005,POTTER,145
1470, you will.,1005,ED,145
1471,we have a lot of work to do together.,1005,POTTER,145
1472,thanks for coming.,1005,ED,145
1473,"erin, i was just talking about you.",1005,ED,145
1474,"meet our new partner, kurt potter.",1005,ED,145
1475,he'll handle hinkley.,1005,ED,145
1476,i see what you mean about a secret weapon.,1006,POTTER,145
1477,"erin, it's great to meet you.",1007,POTTER,145
1478,you've done a fabulous job.,1007,POTTER,145
1479, i'll be seeing you.,1007,POTTER,145
1480," thanks, i appreciate you coming over.",1007,POTTER,145
1481,what,1010,ED,145
1482,our new partner,1011,ERIN,145
1483,when was i gonna hear about this,1011,ERIN,145
1484,just listen.,1012,ED,145
1485,did i ever tell you about that airline case,1012,ED,145
1486,what the fuck are you talking about,1013,ERIN,145
1487,"a few years back, i was trying this airline case...",1013,ED,145
1488,...and i got my ass kicked by this guy.,1014,ED,145
1489,"he buried me in paper, brutal.",1014,ED,145
1490,he's the toughest i'd ever been up against.,1014,ED,145
1491,make a point,1015,ERIN,145
1492,it was kurt potter.,1016,ED,145
1493,"after the judge's decision, i asked him to partner, he didn't hesitate.",1016,ED,145
1494,"he wouldn't hesitate now, we did all the work.",1017,ERIN,145
1495,where was he before,1017,ERIN,145
1496,will you listen to me,1018,ED,145
1497,it doesn't matter.,1018,ED,145
1498,you wanna win this,1018,ED,145
1499,he gave me this check.,1018,ED,145
1500,it covers all our expenses to date...,1019,ED,145
1501,...and he's got more toxic tort experience than anyone.,1020,ED,145
1502,this is good news,1020,ED,145
1503,i got pamela duncan.,1021,ERIN,145
1504,"i'll open, mommy.",1026,KIDS,146
1505,you wanna open the can for mommy,1026,ERIN,146
1506,"well, here, i'll help you.",1026,ERIN,146
1507,you turn it,1026,ERIN,146
1508," hi, george.",1026,KIDS,146
1509," hi, george.",1026,KIDS,146
1510,let's go see.,1026,ERIN,146
1511,erin brockovich,1033,MESSENGER,148
1512,package from masry and vititoe.,1034,MESSENGER,148
1513, thank you.,1036,ERIN,148
1514, thank you.,1036,MESSENGER,148
1515, what's in here,1038,ERIN,148
1516, baby.,1038,KIDS,148
1517,there's no baby in here.,1038,ERIN (CONT'D),148
1518, what is it,1038,ERIN (CONT'D),148
1519, a dolly.,1038,KIDS,148
1520,it's a dolly,1038,ERIN (CONT'D),148
1521,it's...,1038,ERIN,148
1522,lookit.,1042,ERIN,148
1523, lookit is right.,1043,ERIN,148
1524,do you see that,1044,ERIN,148
1525, i want that.,1046,ERIN,148
1526, i want that too.,1046,ERIN,148
1527,it's our lucky day.,1046,ERIN,148
1528,"matthew, katie",1046,ERIN,148
1529,pge has requested that we submit to binding arbitration.,1047,POTTER,151
1530,what's that,1048,ERIN,151
1531,"that's where we try the case without a jury, before a judge.",1049,POTTER,151
1532,it's called a test trial.,1049,POTTER,151
1533,the judge's decision is final.,1050,POTTER,151
1534,there's no appeal.,1050,POTTER,151
1535, how many plaintiffs do you have,1052,POTTER,151
1536,634,1052,ERIN,151
1537,they'll never try that many all at once.,1053,POTTER,151
1538,so we need to get them together in groups of 20 or 30.,1053,POTTER,151
1539,"worst cases, the most lifethreatened, the sickest first and so on.",1053,POTTER,151
1540,each one gets a go before the judge to determine damages.,1054,POTTER,151
1541,pge proposes that they're liable...,1055,POTTER,151
1542,...anywhere between 50 and 400 million.,1055,POTTER,151
1543,so wait a minute.,1056,ERIN,151
1544,let me just get this straight.,1056,ERIN,151
1545,if we went to trial...,1057,ERIN,151
1546,...pge could stretch this over 10 years with appeal after appeal.,1057,ED,151
1547, those people would...  these people expect a trial.,1058,ERIN,151
1548,"that's what we told them, you and me.",1060,ERIN,151
1549,they won't understand this.,1060,ERIN,151
1550,kurt thinks it's the best way to go.,1061,ED,151
1551,"look, i promise you that we'll be very sensitive on this point.",1066,POTTER,151
1552,we'll make sure they see...,1067,POTTER,151
1553,...that this is the only way we can go forward at this time.,1067,POTTER,151
1554,but we have a lot of work to do...,1067,POTTER,151
1555,...before we even broach that subject.,1068,POTTER,151
1556,i'll take erin down the hall...,1069,THERESA,151
1557,"...so we can start on this stuff, and i'll fill her in on the details.",1070,THERESA,151
1558, those are my files.,1072,ERIN,151
1559, yeah.,1072,ERIN,151
1560,we had them couriered over.,1072,THERESA,151
1561,"listen, good work.",1072,THERESA,151
1562,they're a great start.,1072,THERESA,151
1563,we'll just spend some time filling in the holes in your research.,1073,THERESA,151
1564,"excuse me... theresa, is it",1073,ERIN,151
1565,there are no holes in my research.,1073,ERIN,151
1566,there are things we need you probably didn't know to ask.,1074,THERESA,151
1567,don't talk to me like i'm an idiot.,1075,ERIN,151
1568,i spent 18 months on this case...,1075,ERIN,151
1569,...and i know more about the plaintiffs than you ever will.,1075,ERIN,151
1570,you don't even have phone numbers.,1076,THERESA,151
1571,whose number do you need,1077,ERIN,151
1572,everyone's.,1078,THERESA,151
1573,we need to be able to contact the plaintiffs.,1078,THERESA,151
1574,i said whose number do you need,1079,ERIN,151
1575,you don't know 600 numbers by heart.,1080,THERESA,151
1576,annabelle daniels.,1085,THERESA,151
1577,annabelle daniels.,1086,ERIN,151
1578,7144549346,1086,ERIN,151
1579,ten years old.,1086,ERIN,151
1580,lived on the plume since birth.,1086,ERIN,151
1581,"wanted to be a synchronized swimmer, so she spent every minute in the pool.",1087,ERIN,151
1582,they detected a tumour in her brain.,1088,ERIN,151
1583,"an operation shrunk it, with radiation after that.",1088,ERIN,151
1584,her parents are ted and rita.,1089,ERIN,151
1585,ted's got crohn's disease.,1090,ERIN,151
1586,rita has headaches and underwent a hysterectomy.,1090,ERIN,151
1587,ted grew up in hinkley.,1092,ERIN,151
1588,his brother and his wife and their kids...,1092,ERIN,151
1589,"...robbie jr., martha, ed, rose and peter also lived on the plume.",1093,ERIN,151
1590,their number is 4549554.,1094,ERIN,151
1591,you want their diseases,1094,ERIN,151
1592,i think we got off on the wrong foot.,1097,THERESA,151
1593,"that's all you got, lady, two wrong feet in fucking ugly shoes.",1098,ERIN,151
1594, she insulted me.,1101,ERIN,152
1595, bullshit.,1101,ED,152
1596,it was a misunderstanding.,1101,ED,152
1597,instead of being polite and treating her with respect...,1101,ED,152
1598,why should i respect her,1101,ERIN,152
1599,"just because she's not supporting kids with no husband, she's not an idiot",1101,ED,152
1600,just because she dresses like a lawyer...,1101,ED,152
1601,...doesn't mean she didn't work her ass off in law school.,1101,ED,152
1602,excuse me for not going to law school.,1101,ERIN,152
1603,law school,1102,ED,152
1604,"at this point, i'd settle for charm school",1102,ED,152
1605,mr. linwood,1103,THERESA,153
1606,bob,1105,THERESA,153
1607,6086 ridge road...,1106,THERESA,154
1608,"...hinkley, california.",1106,ERIN,154
1609,714...,1106,ERIN,154
1610,...455...,1107,ERIN,154
1611,"okay, now, if you could walk me through...",1108,THERESA,159
1612,...all of the elements of annabelle's illnesses.,1109,THERESA,159
1613,specific details...,1109,THERESA,159
1614,"...when the symptoms began, prior to the first medical visit.",1109,THERESA,159
1615,"if you could reserve sentimental embellishments, i'd appreciate it...",1110,THERESA,159
1616,...because they won't help you in court.,1110,THERESA,159
1617,"i just need facts, dates, time.",1111,THERESA,159
1618,"i know theresa isn't real warm, but she's a good lawyer.",1112,ERIN,160
1619,she asks the same questions you did.,1113,TED,160
1620,i told you everything.,1113,TED,160
1621,i don't want her coming to the house again.,1113,TED,160
1622,she upsets annabelle.,1113,TED,160
1623,"okay, if you don't like theresa, that's okay.",1113,ERIN,160
1624,you know how important annabelle is to me.,1113,ERIN,160
1625,ed and i are still here for you.,1113,ERIN,160
1626,"i called ed two days ago, erin.",1114,TED,160
1627,he still hasn't called me back.,1114,TED,160
1628,"now, i hate to say this, but...",1114,TED,160
1629,...everyone's upset about this arbitration thing.,1114,TED,160
1630,what,1115,ERIN,160
1631,pamela has written a letter,1115,TED,160
1632,...telling everybody to get new lawyers.,1116,TED,160
1633,that we've been lied to.,1116,TED,160
1634,is it true,1117,TED,160
1635,did you,1117,TED,160
1636,"i'm telling you the truth, and i'll get to the bottom of all of this.",1117,TED,160
1637,don't lie to us.,1117,ERIN,160
1638,i will take care of this.,1118,ERIN,160
1639,"inow, we're trusting you here, so...i  thanks.",1118,TED,160
1640,"i'll talk to you soon, okay",1118,ERIN,160
1641,i'm not saying it's not a strong case.,1120,POTTER,162
1642,"otherwise, they wouldn't have dropped the demurrers.",1120,POTTER,162
1643,i wouldn't be here.,1120,POTTER,162
1644,"what i am saying is, we don't have a smoking gun...",1120,POTTER,162
1645,...that ties san francisco to hinkley.,1121,POTTER,162
1646,something that proves that prior to 1987...,1122,POTTER,162
1647,...pge corporate knew the water was bad there and did nothing about it.,1123,POTTER,162
1648," erin, i thought you took a sick day.",1125,ROSALIND,162
1649, so did i.,1125,ERIN,162
1650, what's going on in there,1127,ERIN (CONT'D),162
1651, meeting about the pge thing.,1127,ROSALIND,162
1652, are you sure,1127,ERIN,162
1653, yep.,1127,ROSALIND,163
1654,"we can find it, or we don't have a big win.",1129,POTTER,163
1655,can i take a brief break here for a moment,1130,ED,163
1656,i'll be right back.,1131,ED,163
1657, you told me you weren't feeling great.,1135,ED,164
1658, bullshit,1135,ERIN,164
1659,"if i was on my deathbed, if it helped you, you'd drag me out of it",1135,ERIN,164
1660,how could you take this away from me,1136,ERIN,164
1661, nobody's taking anything.,1136,ED,164
1662, bullshit,1136,ERIN,164
1663,you stuck me in siberia,1136,ERIN,164
1664,dictating to some goddamned clerk so you could finish this without me.,1136,ERIN,164
1665,"they screwed up, erin",1137,ED,164
1666,they screwed up and they admit it.,1137,ED,164
1667,the arbitration proposal...,1137,ED,164
1668,"...could've been written in sanskrit, for all the sense it made.",1137,ED,164
1669,i know.,1138,ERIN,164
1670,i spoke to ted.,1138,ERIN,164
1671,pamela duncan wouldn't even get on the phone with me,1138,ERIN,164
1672,pamela made everybody mad with that letter.,1139,ED,164
1673,she called us thieves.,1139,ED,164
1674, the whole thing's falling apart.,1139,ED,164
1675, why,1139,ERIN,164
1676,"because before we go to arbitration, the plaintiffs must agree",1140,ED,164
1677, how many,1141,ERIN,164
1678, usually they require about 70.,1141,ED,164
1679,pge is demanding 90.,1141,ED,164
1680,"in other words, everybody.",1141,ED,164
1681,do you understand,1142,ED,164
1682,this is serious.,1142,ED,164
1683,"and, what, ed",1142,ERIN,164
1684,i'm not serious,1142,ERIN,164
1685,"you're emotional, you're erratic.",1143,ED,164
1686,"you say anything, you make this personal, and it isn't.",1143,ED,164
1687,not personal,1144,ERIN,164
1688,that is my work,1144,ERIN,164
1689,my sweat,1144,ERIN,164
1690,my time away from my kids,1144,ERIN,164
1691,"if that's not personal, i don't know what is.",1144,ERIN,164
1692,"hey, come on.",1145,ED,164
1693,come on.,1145,ED,164
1694,go home.,1145,ED,164
1695,get well.,1145,ED,164
1696,because you're no good to me sick.,1146,ED,164
1697,"i need you, all right",1146,ED,164
1698,this case needs you.,1146,ED,164
1699,did you tell them that,1146,ERIN,164
1700,binding arbitration isn't that different from a trial.,1152,ED,174
1701,it's overseen by a judge.,1153,ED,174
1702,evidence is presented in much the same way.,1153,ED,174
1703,and then a jury decides,1153,PLAINTIFF,174
1704,"sorry, i forgot to mention that there's no jury in binding arbitration.",1154,ED,174
1705,no jury and no appeal.,1155,BOB LINWOOD,174
1706,what option do we have if we don't like the result,1157,BOB LINWOOD,174
1707,none.,1158,ED,174
1708,the judge's decision is final.,1158,ED,174
1709,not a good answer.,1159,ED,174
1710,"no, but we don't anticipate that being a problem.",1159,ED,174
1711,as i already told you...,1160,ED,174
1712,"...it's definitely between 50 and 400,000,000 dollars.",1161,ED (CONT'D),174
1713,"well, which",1162,MANDY BROWN,174
1714,there's a big difference.,1162,MANDY BROWN,174
1715,i wouldn't like to speculate.,1163,ED,174
1716," well, how does it get divided",1164,MANDY BROWN (CONT'D),174
1717," yeah, who gets what",1164,PLAINTIFF,174
1718,"my medical bills started two years ago, before some of the other people here.",1169,PLAINTIFF,174
1719,my daughter was in and out of hospitals more than his.,1170,MANDY BROWN,174
1720,it shouldn't matter when it started.,1171,MANDY BROWN,174
1721,"people, listen, please",1172,ED,174
1722,the point we have to address tonight is getting everyone to agree...,1173,ED (CONT'D),174
1723,...that binding arbitration is better than a trial...,1174,ED,174
1724,...that could go on for 10 years before you see any money.,1175,ED,174
1725,maybe some of us wanna wait 10 years,1176,OTHER PLAINTIFFS,174
1726,"everyone has to agree, or no one has a chance",1179,ED,174
1727,"those of you about to leave, i'd like 1978",1180,ED (CONT'D),174
1728,that's the year of the love canal controversy.,1181,ED (CONT'D),174
1729,they're still waiting for their money,1181,ED (CONT'D),174
1730,think about where you'll be in 15 or 20 years.,1182,ED (CONT'D),174
1731,"now, look, everyone.",1188,ED (CONT'D),174
1732,is this a big decision,1188,ED (CONT'D),174
1733,absolutely,1189,ED (CONT'D),174
1734,but i do not believe this is a sellout.,1189,ED (CONT'D),174
1735,this is the best shot to get everyone some money now.,1190,ED (CONT'D),174
1736,you and i both know...,1192,ED (CONT'D),174
1737,...there are people in this room who can't afford to wait.,1193,ED (CONT'D),174
1738,to take that chance.,1194,ED (CONT'D),174
1739,are you gonna make them wait,1195,ED (CONT'D),174
1740,so how many altogether,1197,ED,175
1741,"we got just about everybody that came here, but it leaves us about 150 short.",1197,ERIN,175
1742,"oh, shit.",1197,ED,175
1743,we'll have to go doortodoor.,1197,ERIN,175
1744,i gotta go pick up my kids.,1197,ERIN,175
1745, you need a hand with that,1197,ERIN,175
1746, no.,1197,ERIN,175
1747,you did good.,1198,ERIN (CONT'D),175
1748,we'll see.,1199,ED,175
1749,thanks for coming.,1204,ERIN,177
1750,don't take them anywhere on your bike.,1204,ERIN,177
1751,i'll give you money for a cab.,1204,ERIN,177
1752,i got money.,1204,GEORGE,177
1753,so how long is this gonna take,1204,GEORGE,177
1754,i don't know.,1204,ERIN,177
1755,a few days.,1204,ERIN,177
1756,got your own room.,1204,ERIN,177
1757,"i am really sorry, george.",1206,ERIN (CONT'D),177
1758,have the kids eaten,1207,GEORGE,177
1759,no.,1208,ERIN,177
1760,wanna get some pancakes,1224,GEORGE,182
1761,"come on, let's go.",1224,GEORGE,182
1762,everybody up today.,1224,GEORGE,182
1763,all right.,1224,GEORGE,182
1764,"come on, baby.",1225,GEORGE,182
1765, what time is it,1225,ERIN,188
1766, it's early.,1225,GEORGE,188
1767,we're taking your car to go get breakfast.,1226,GEORGE,188
1768," no, i need my car.",1227,ERIN,188
1769, we'll be back in a minute.,1227,GEORGE,188
1770,get some sleep.,1227,GEORGE,188
1771,"matt, buddy.",1227,GEORGE (CONT'D),188
1772,put that down.,1227,GEORGE (CONT'D),188
1773,let's go.,1227,GEORGE (CONT'D),188
1774,i'll be there in a minute.,1227,GEORGE (CONT'D),188
1775,"let's go get some pancakes, girly.",1227,GEORGE (CONT'D),188
1776,come on.,1227,GEORGE (CONT'D),188
1777,don't play with that.,1228,ERIN,188
1778,it took me so long to get organized.,1228,ERIN,188
1779,"would you put that back, please",1228,ERIN,188
1780,this girl's the same age as me.,1229,MATTHEW,188
1781,is she sick,1231,MATTHEW,188
1782,"she is, but that's why i'm helping her.",1232,ERIN,188
1783,we'll make her feel better.,1232,ERIN,188
1784,why can't her own mama help her,1233,MATTHEW,188
1785,because she's real sick too.,1234,ERIN,188
1786,i'll bring you back some breakfast.,1239,MATTHEW,188
1787,you want eggs,1240,MATTHEW,188
1788,eggs would be great.,1241,ERIN,188
1789,eggs would be perfect.,1243,ERIN,188
1790," hey, matt.",1259,ERIN,192
1791," hey, erin.",1259,PAINTIFF,192
1792,how are you,1259,PAINTIFF,192
1793, you been at this all day,1261,PAINTIFF,192
1794, yeah.,1261,ERIN,192
1795, you want some coffee,1261,PAINTIFF,192
1796, i'd love some.,1261,ERIN,192
1797, i'll make a fresh pot.,1261,PAINTIFF,192
1798, thanks.,1261,ERIN,192
1799,don't i know you,1266,CHARLES,192
1800,i don't think so.,1266,ERIN,192
1801,"sure, you were at the barbecue in hinkley.",1266,ERIN,192
1802,and at the town meeting.,1266,CHARLES,192
1803,i was watching you.,1267,CHARLES,192
1804,i had my eye on you.,1267,CHARLES,192
1805,nice.,1267,ERIN,192
1806,you were talking to everybody and writing down a lot of stuff.,1267,CHARLES,192
1807,"when i saw you, i said to myself, there's something about her.",1268,CHARLES,192
1808,i really like that girl.,1268,CHARLES,192
1809," matt, can i get that coffee to go",1269,ERIN,192
1810, sure thing.,1269,PAINTIFF,192
1811,i feel like i can talk to you too.,1270,CHARLES,192
1812,like you're the type of person i could say anything to.,1270,CHARLES,192
1813, here you go.,1271,PAINTIFF,192
1814, great.,1271,ERIN,192
1815,what do i owe you,1271,ERIN,192
1816, there's no charge.,1272,PAINTIFF,192
1817," thanks, matt.",1272,ERIN,192
1818,"well, nice talking to you.",1273,ERIN,192
1819,"would it be important if, when i worked at the plant, i destroyed documents",1273,CHARLES (CONT'D),192
1820,maybe.,1274,ERIN,192
1821,what's your name,1274,CHARLES,192
1822,charles embry.,1275,CHARLES,192
1823,charles.,1275,ERIN,192
1824,erin.,1275,ERIN,192
1825,nice to meet you.,1275,CHARLES,192
1826,can you excuse me for a quick...,1276,ERIN,192
1827,i'm just gonna run to the...,1276,ERIN,192
1828,"oh, come on.",1278,ERIN,192
1829,"oh, you fucking piece of crap with no signal",1278,ERIN,192
1830,fuck,1279,ERIN,192
1831,ed.,1281,ERIN,192
1832,"ed, oh, my god.",1281,ERIN,192
1833,this guy said he destroyed records.,1282,ERIN,192
1834,he worked there.,1282,ERIN,192
1835,slow down.,1283,ED,192
1836,i'm trying to relax.i ithis charles embry,1283,ERIN,192
1837, who,1283,ED,192
1838, charles embry.,1283,ED,192
1839,i thought he was trying to kill me or pick me up...,1284,ERIN (CONT'D),192
1840,"... but why would he use that, say that",1285,ERIN (CONT'D),192
1841,it's crazy.,1285,ERIN (CONT'D),192
1842,shit.,1285,ED,192
1843,go back and see if he'll make a declaration.,1285,ED,192
1844,a declaration.,1286,ERIN,192
1845,but be careful.i idon't scare him off.,1286,ED,192
1846,and stay calm.,1287,ED,192
1847,stay calm.,1287,ED,192
1848,"if it weren't for you, i'd be in palm springs now.",1287,ED,192
1849,you're good at talking peoplei iinto things.,1288,ED,192
1850,don't pepper him with questions.,1289,ED,192
1851,don't do that.,1289,ED,192
1852,just...,1289,ED,192
1853,people wanna tell their story.,1289,ED,192
1854,just let him talk.,1289,ED,192
1855,let him...,1289,ED,192
1856,... do all the talking.,1290,ED,192
1857,all right,1290,ED,192
1858,"oh, sorry.",1292,ERIN,195
1859,"would you like another beer, or...",1292,ERIN,195
1860,my cousin passed away yesterday.,1293,CHARLES,195
1861,he had kidney tumours...,1293,CHARLES,195
1862,"...no colon, his intestines were eaten away.",1293,CHARLES,195
1863,fortyone years old.,1293,CHARLES,195
1864,i remember seeing him over at the plant.,1294,CHARLES,195
1865,"he'd be cleaning the cooling towers, wearing...",1294,CHARLES,195
1866,what do you call them,1294,CHARLES,195
1867, a mask,1294,ERIN,195
1868," yeah, doctors' masks.",1294,CHARLES,195
1869,and it'd be soaked in red from the nosebleeds.,1295,CHARLES,195
1870,i was working in the compressor.,1297,CHARLES,196
1871,the supervisor calls me,1297,CHARLES,196
1872,we'll give you a shredder...,1297,CHARLES,196
1873,...and send you to the warehouse to shred the documents we stored.,1297,CHARLES,196
1874,he say why,1298,ERIN,196
1875,nope.,1299,CHARLES,196
1876,and i didn't ask.,1299,CHARLES,196
1877,did you look at the stuff you destroyed,1300,ERIN,196
1878,it was a lot of dull vacation schedules and stuff.,1300,CHARLES,196
1879,"then there were memos about the holding ponds, the water in them.",1301,CHARLES,196
1880,"and readings from the test wells, stuff like that.",1301,CHARLES,196
1881,you were told to destroy those,1302,ERIN,196
1882,that's right.,1302,CHARLES,196
1883,"course, as it turns out...",1303,CHARLES (CONT'D),196
1884,...i wasn't a very good employee.,1303,CHARLES,196
1885, good morning,1307,ED,198
1886, morning.,1307,ERIN,198
1887,ed.,1308,POTTER,198
1888,"erin, what's this",1308,POTTER,198
1889, may i,1309,ERIN,198
1890, yep.,1309,ED,198
1891,go ahead.,1309,ED,198
1892,"well, you know what, mr. potter",1309,ERIN,198
1893,we completely forgot your birthday this year.,1310,ERIN,198
1894,"seeing as how you've been so good to me, it's a terrible oversight.",1310,ERIN,198
1895,so ed and i have been putting together a present for you.,1311,ERIN,198
1896,sixhundred and thirtyfour.,1312,ERIN (CONT'D),198
1897,"they're signed, every one.",1313,ERIN (CONT'D),198
1898,holy shit.,1314,THERESA,198
1899,"now, don't go getting jealous, theresa.",1314,ERIN,198
1900,we have something for you.,1315,ERIN,198
1901,"internal pge documents, all about the contamination.",1316,ERIN (CONT'D),198
1902,the one i like best says...,1316,ERIN (CONT'D),198
1903,"...l'm paraphrasing here, but it says, the water's poisonous...",1317,ERIN (CONT'D),198
1904,...but it's best if this wasn't discussed with the neighbours.,1318,ERIN (CONT'D),198
1905,it's to hinkley from pge headquarters.,1319,ERIN (CONT'D),198
1906,stamp received march 1966.,1319,ERIN (CONT'D),198
1907,how did you do this,1320,POTTER,198
1908,seeing as how i have no brains or legal expertise...,1321,ERIN,198
1909,...and ed was losing all faith.,1322,ERIN,198
1910,completely.,1322,ED,198
1911,no faith.,1322,ED,198
1912,i went out there and performed sexual favours.,1323,ERIN,198
1913,634 blowjobs in five days.,1323,ERIN,198
1914,i'm really quite tired.,1328,ERIN,198
1915,"oh, thank you.",1328,ERIN,198
1916,why did you want me to come,1331,GEORGE,200
1917,i wanna show you what you helped to do.,1332,ERIN,200
1918, how are you feeling today,1332,ERIN,201
1919, good.,1332,DONNA,201
1920, it's a good day.,1332,DONNA,201
1921," oh, i'm glad.",1332,ERIN,201
1922,"well, come on in.",1332,DONNA,201
1923,what a nice surprise this is.,1332,DONNA,201
1924,donna.,1332,ERIN,201
1925,i wanted to come out here instead of calling...,1332,ERIN,201
1926,...because the judge came back with a number.,1332,ERIN,201
1927,"for the whole group, or for us",1332,DONNA,201
1928,both.,1332,ERIN,201
1929,he's gonna make them pay 333 million.,1332,ERIN (CONT'D),201
1930," and...  oh, my god.",1332,DONNA,201
1931,he's gonna make them give 5 million of that to your family.,1332,ERIN,201
1932,five million dollars,1332,DONNA,201
1933,five million dollars.,1332,ERIN,201
1934,i don't even know how much money that is.,1332,DONNA,201
1935,"well, it's enough.",1332,ERIN,201
1936,it's enough for whatever you could ever need...,1332,ERIN,201
1937,"...or what your girls need, or your girls' girls.",1332,ERIN,201
1938,it'll be enough.,1332,ERIN,201
1939,"oh, erin.",1332,DONNA,201
1940,"oh, god.",1332,DONNA,201
1941,thank you so much.,1332,DONNA,201
1942,it's okay.,1332,ERIN,201
1943,i don't know what i'd have done without you.,1332,DONNA,201
1944,it's a good day.,1332,ERIN,201
1945,this is too much.,1332,DONNA,201
1946,"masry and vititoe, can i...",1332,ROSALIND,203
1947,shoot,1332,ROSALIND,203
1948,delivery for ed masry.,1332,MESSENGER,201
1949,"last office down the corridor, on the right.",1332,ROSALIND,203
1950,thank you.,1332,MESSENGER,203
1951,masry and vititoe...,1332,ROSALIND,203
1952,damn it,1332,ROSALIND,203
1953,does anyone know anything about these phones,1332,ROSALIND,203
1954,everybody loves the desk...,1332,ED,203
1955,...you picked out for me.,1332,ED,203
1956,it's great.,1332,ED,203
1957,guess who's on the cover of ilos angeles lawyeri magazine,1332,ED,203
1958,"talk to you later, baby.",1332,ED,203
1959,bye.,1332,ED,203
1960, thank you.,1332,ED,203
1961, you're welcome.,1332,MESSENGER,203
1962,"i'd rather walk her through this in person, to show her...",1332,ERIN,203
1963,"...visual aids, documents and stuff.",1332,ERIN,203
1964,tell her i won't take up too much of her time.,1332,ERIN,203
1965,"it's a little more complicated than hinkley, so let me do that.",1332,ERIN,203
1966,say i'm not a lawyer.,1332,ERIN,203
1967,that may help.,1332,ERIN,203
1968,great.,1332,ERIN,203
1969,why don't you give me the address now,1332,ERIN,203
1970,just in case.,1332,ERIN,203
1971,all right.,1332,ERIN,203
1972,thanks so much.,1332,ERIN,203
1973,bye.,1332,ERIN,203
1974,what's up,1332,ERIN,203
1975,i have your bonus check.,1332,ED,203
1976,i want you to be prepared.,1332,ED,203
1977,the figure's not exactly what we discussed.,1332,ED,203
1978,why not,1332,ERIN,203
1979,"because, after careful consideration, i felt...",1332,ED,203
1980,...that figure was not appropriate.,1332,ED,203
1981,although you may not agree...,1332,ED,203
1982,...you have to trust my...,1332,ED,203
1983,trust,1332,ERIN,203
1984,you want me to trust you,1332,ERIN,203
1985,don't use big words you don't understand.,1332,ERIN,203
1986, it's a complicated issue...  i did a job.,1332,ERIN,203
1987,you should reward me accordingly.,1332,ERIN,203
1988,it's not complicated.,1332,ERIN,203
1989,all you lawyers do is complicate situations that aren't complicated.,1332,ERIN,203
1990,do you know why people think lawyers are scumbags,1332,ERIN,203
1991,because they are.,1332,ERIN,203
1992,i can't believe you're doing this to me...,1332,ERIN,203
1993,...when i'm up to my ass in kettleman plaintiffs...,1332,ERIN,203
1994,...which looks to be double the amount of hinkley.,1332,ERIN,203
1995,"you expect me to leave my kids with strangers, knock on doors...",1332,ERIN,203
1996,"...get these people to trust you, and you're screwing me",1332,ERIN,203
1997,"i want you to know, it's not about the number",1332,ERIN,203
1998,it is about the way my work is valued.,1332,ERIN,203
1999,"no matter what i do, you're not...",1332,ERIN,203
2000,as i was saying...,1332,ED,203
2001,...i decided that the figure you proposed...,1332,ED,203
2002,...was inappropriate.,1332,ED,203
2003,so i increased it.,1332,ED,203
2004,do they teach beauty queens how to apologize,1332,ED,203
