0,1,2,3,4
11,look out your window now.,17,CAPTAIN'S VOICE,2
12,we have a great view of the rocky mountains.,17,CAPTAIN'S VOICE,3
13,"you keep staring at that watch as if your life depended on it, doctor.",19,ETHAN,3
14,"oh, yes.",20,NEKHORVICH,3
15,i suppose i'm a bit anxious.,21,NEKHORVICH,3
16,you'll soon be with old friends.,22,ETHAN,3
17,"i'm with an old friend now, dmitri.",23,NEKHORVICH,3
18,i'm sorry it couldn't be under happier circumstances.,24,ETHAN,3
19,i'm sorry too.,25,ETHAN,3
20,"you are sorry, and i am sorry.",25,NEKHORVICH,3
21,you don't know gradski thought the world of you.,27,NEKHORVICH,3
22,did he... know...,29,ETHAN,3
23,before the end that you two had succeeded,30,ETHAN,3
24,"yes, he knew.",31,NEKHORVICH,3
25,just,31,NEKHORVICH,3
26,not in time to save him.,32,ETHAN,3
27,no.,32,NEKHORVICH,3
28,"after you've been infected with chimera for 20 hours, nothing can save you.",33,NEKHORVICH,3
29,not even bellerophon.,34,NEKHORVICH,3
30,you can carry them together... safely,35,ETHAN,3
31,yes.,36,NEKHORVICH,3
32,"and you'll get us to safe place with them in atlanta, thank god.",37,NEKHORVICH,3
33,this is your captain again.,39,CAPTAIN'S VOICE,3
34,we've experienced a slight...,39,CAPTAIN'S VOICE,3
35,but abrupt drop in cabin pressure.,41,CAPTAIN'S VOICE,3
36,"as a precaution, i've released the oxygen masks.",41,CAPTAIN,4
37,"please put them on and sit back, relax.",43,CAPTAIN,4
38,there's nothing to worry about.,44,CAPTAIN,4
39,are you concerned,45,NEKHORVICH,4
40,not so far.,45,ETHAN,4
41,just put on your oxygen mask.,47,ETHAN,4
42,i'll see what's going on.,47,ETHAN,4
43,okay.,48,NEKHORVICH,4
44,"denver center, this is transpac 2207, 747 heavy.",52,CAPTAIN,4
45,we're unable to maintain cabin pressurization.,53,CAPTAIN,4
46,we've initiated a descent to one six thousand.,55,CAPTAIN,4
47,captain,56,CO-PILOT,4
48,"it seems we have a problem, dmitri.",73,NEKHORVICH,6
49,you keep calling me dmitri.,73,ETHAN,6
50,you really shouldn't.,73,ETHAN,6
51,you are not dmitri,74,NEKHORVICH,6
52,no.,84,ETHAN,6
53,"wallis, hold on to this.",84,ETHAN (cont'd),6
54,"ulrich, remember to pull the",87,ETHAN (cont'd),6
55,remember to pull the no2 tank and dump it.,90,AMBROSE,6
56,"all done, chief.",91,STAMP,6
57,terrain.,93,VOICE,6
58,terrain.,93,VOICE,6
59,pull up.,93,VOICE,6
60,pull up.,93,VOICE,6
61,terrain.,95,VOICE,6
62,"okay, dive, dive",98,AMBROSE,6
63,"checkpoint charlie in three,",98,AMBROSE,6
64,"two, one, go",100,AMBROSE,6
65,terrain.,106,VOICE,7
66,terrain.,106,VOICE,7
67,pull up.,106,VOICE,7
68,pull up.,106,VOICE,7
69,terrain.,107,VOICE,7
70,terrain.,107,VOICE,7
71,pull up.,107,VOICE,7
72,pull up.,107,VOICE,7
73,terrain.,112,VOICE,7
74,terrain.,112,VOICE,7
75,pull up.,112,VOICE,7
76,pull up.,112,VOICE,7
77,"good morning, mr. hunt.",160,SWANBECK,9
78,"your mission, should you choose to accept it,",160,SWANBECK'S VOICE,9
79,involves the recovery of a stolen item designated ''chimera. '',161,SWANBECK'S VOICE,9
80,"you may select any two team members,",162,SWANBECK'S VOICE,9
81,but it is essential that the third team member be nyah nordoffhall.,163,SWANBECK'S VOICE,9
82,she is a civilian and a highly capable professional thief.,164,SWANBECK'S VOICE,9
83,you have 48 hours to recruit miss nordoffhall...,166,SWANBECK'S VOICE (cont'd),9
84,and meet me in seville to receive your assignment.,167,SWANBECK'S VOICE (cont'd),9
85,"as always, should you or any member of your imf team be caught or killed,",167,SWANBECK'S VOICE (cont'd),9
86,the secretary will disavow all knowledge of your actions.,167,SWANBECK'S VOICE (cont'd),9
87,"and, mr. hunt, the next time you go on holiday,",167,SWANBECK'S VOICE (cont'd),9
88,please be good enough to let us know where you're going.,167,SWANBECK'S VOICE (cont'd),9
89,this message will selfdestruct in five seconds.,168,SWANBECK'S VOICE (cont'd),9
90,if i let you know where i'm going...,169,ETHAN,9
91,then i won't be on holiday.,169,ETHAN (cont'd),9
92,i see you found it.,270,ETHAN,11
93,what are you doing here,272,NYAH,11
94,think you're the only one who can pick a lock,273,ETHAN,11
95,huh.,274,NYAH,11
96,you're not just a pretty face after all.,274,NYAH,13
97,do you mind if i'm on top,278,NYAH (cont'd),13
98,no.,278,ETHAN,13
99,either way works for me.,278,ETHAN,13
100, you'll never find it there.,287,ETHAN'S VOICE,13
101, damn it,287,NYAH,13
102,find what,288,NYAH,13
103,his ex's bulgari necklace that goes up for auction on tuesday.,288,ETHAN,13
104,and are you gonna tell me where it is,289,NYAH,13
105,far left.,291,ETHAN,13
106,this is very disconcerting.,296,NYAH,13
107,"hey, you put me here.",297,ETHAN,13
108,i just do as i'm told.,297,ETHAN,13
109,right.,299,NYAH,13
110,hmm,307,NYAH (cont'd),13
111,"now, who are you, and what's it gonna cost me",310,NYAH (cont'd),13
112, i wouldn't do that.,312,ETHAN,13
113, what,312,NYAH,13
114,that.,315,ETHAN,13
115,"no, no, no.",324,NYAH,13
116,tranquilo.,324,ETHAN,13
117,tranquilo.,324,ETHAN,13
118,"mr. keys, it is you.",326,SENOR DE L'ARENA,13
119,"it is mr. keys, our security engineer.",328,SENOR DE L'ARENA,13
120,apologize,328,SENOR DE L'ARENA,13
121,"no, no.",329,ETHAN,13
122,no need to apologize.,329,ETHAN,13
123,"now, miss hall, my associate has your necklace in a very safe place.",329,ETHAN,13
124,but obviously we do feel the alarm should have gone off a little sooner.,329,ETHAN,13
125," isn't that right, miss hall",331,ETHAN,13
126, hmm,331,NYAH,13
127,"oh, absolutely.",331,NYAH,13
128,"much, much too long, i'd say.",331,NYAH,13
129,"under the circumstances, i think we'd recommend...",332,ETHAN,13
130,resetting the sensors to respond to a lighter load.,332,ETHAN,13
131,"how do you feel about 40 kilos, miss hall",334,ETHAN,13
132,perfect.,335,NYAH,13
133,shall we,335,ETHAN,13
134, miss hall.,338,ETHAN (cont'd),13
135, hmm,338,NYAH,13
136,haven't you forgotten something,338,ETHAN (cont'd),13
137,"what are you trying to do, seorita",341,SENOR DE L'ARENA,13
138,rob me,341,SENOR DE L'ARENA,13
139,the thought had crossed my mind.,342,NYAH,13
140,"i'm missing something here, aside from my halfmillionpound necklace.",343,NYAH,14
141,"even after i screwed up the job,",343,NYAH,14
142,i could've walked out of there with the bloody thing.,343,NYAH,14
143,at least you walked.,344,ETHAN,14
144,why did you watch me go through it all,344,NYAH,14
145,i wanted to see how good you were.,345,ETHAN,14
146,i was hoping we might work together.,345,ETHAN,14
147,sounds terrific.,347,NYAH,14
148,muchacho.,347,NYAH,14
149,now be serious.,349,NYAH,14
150,"whatever you're talking about,",349,NYAH,14
151,you couldn't possibly want me after tonight's performance.,349,NYAH,14
152, you didn't do that badly.,351,ETHAN,14
153, you apologizing for me,351,NYAH,14
154,quite the gentleman.,352,NYAH,14
155,gracias.,352,NYAH,14
156,not really.,354,ETHAN,14
157,i triggered the alarm.,354,ETHAN,14
158,sorry.,355,ETHAN,14
159,"i don't do laundry, cook, or put up with cheeky bastards",357,NYAH,14
160,who set me up on their territory so they can poach on mine.,357,NYAH,14
161,hola.,364,NYAH,14
162,hi.,364,ETHAN,14
163,would you mind slowing down,364,ETHAN,14
164,where did you get this number,364,NYAH,14
165,i don't even have it.,364,NYAH,14
166,would you like it,367,ETHAN' VOICE,14
167,"pull over and listen to me, will you",376,ETHAN,14
168,just listen.,376,ETHAN,14
169, listen to what,378,NYAH,14
170, i need your help.,378,ETHAN,14
171, and i think you could use mine.,380,ETHAN,14
172, your help,380,NYAH,14
173, what are you talking about,381,NYAH,14
174," i'm talking about scotland yard,",381,NYAH,14
175,"interpol, every dutch authority.",382,ETHAN,14
176, i can make them all go away.,386,ETHAN,14
177," oh, bloody hell.",386,NYAH,14
178,you're a spy,389,NYAH,14
179,"well, if you want me,",389,NYAH,14
180,you've gotta catch me,390,NYAH,14
181,whoa,393,ETHAN,14
182,you having fun,407,ETHAN,14
183,sorry.,420,ETHAN,14
184,idiota.,426,DRIVER,14
185,sorry.,426,ETHAN,14
186,watch the road.,429,ETHAN,14
187,watch the road.,429,ETHAN,14
188,what's your name,470,NYAH,14
189,ethan hunt.,470,ETHAN,14
190,"well, ethan hunt,",471,ETHAN,14
191,what is it you want to talk to me about,471,NYAH,14
192,a lot more than i thought.,473,ETHAN,14
193,awfully short notice.,474,NYAH,14
194,care to wait a decent interval,475,ETHAN,14
195,who wants to be decent,476,NYAH,14
196,so what have you got against spies,484,ETHAN,15
197,when they've got your recruiting technique,485,NYAH,15
198,this wasn't exactly by the book.,486,ETHAN,15
199,they've got a book for this,487,ETHAN,15
200,"oh, they've got a book for everything.",488,ETHAN,15
201,"so, this thing these blokes pinched",489,NYAH,15
202,i don't know that they pinched it.,490,NYAH (cont'd),15
203,i don't even know that they're blokes.,490,ETHAN,15
204,what am i doing here,492,NYAH,15
205,and i thought i'm supposed to be...,492,NYAH,15
206,some kind of thief to catch a thief.,492,NYAH,15
207,so do i... sort of.,493,ETHAN,15
208,"damn, you're beautiful.",497,ETHAN,15
209,espresso,513,SWANBECK,17
210,cappuccino,513,SWANBECK,17
211," no, thanks.",514,ETHAN,17
212, sit down.,514,ETHAN,17
213,sit down.,514,SWANBECK,17
214,festival's a pain in the ass.,516,SWANBECK,17
215,honoring their saints by setting them on fire.,517,SWANBECK,17
216,"lets you know what they think of saints, doesn't it",519,SWANBECK (cont'd),17
217,damn near set me on fire on my way over here.,521,SWANBECK (cont'd),17
218,sorry i barged in on your vacation.,521,SWANBECK (cont'd),17
219,i'm sorry i didn't let you know where i was.,522,ETHAN,17
220,don't be.,523,SWANBECK,17
221,it wouldn't be a vacation if you did.,523,SWANBECK,17
222,"you're sorry, and i'm sorry.",524,ETHAN,17
223,why did you phrase it like that,525,SWANBECK,17
224, like what,526,ETHAN,17
225, ''you're sorry i'm sorry.'',526,SWANBECK,17
226,you've gotta be kidding.,527,ETHAN,17
227,"well, dmitri, once again i need your help.",531,NEKHORVICH,17
228,"just as in the old days, huh",532,NEKHORVICH,17
229,"when you saved our lives, saved our very sanity.",532,NEKHORVICH,17
230,dmitri...,534,NEKHORVICH,17
231,we have this little problem.,534,NEKHORVICH,17
232,every search for a hero...,534,NEKHORVICH,17
233,must begin with something that every hero requires,534,NEKHORVICH,17
234,a villain.,535,NEKHORVICH,17
235,"therefore, in the search for our hero, bellerophon,",535,NEKHORVICH,17
236,"we created a monster, chimera.",535,NEKHORVICH,17
237,"i beg you, dmitri,",536,NEKHORVICH,17
238,come to sydney and accompany me to atlanta immediately.,536,NEKHORVICH,17
239,"however we travel, i must arrive at my destination...",537,NEKHORVICH,17
240,within 20 hours of departure.,538,NEKHORVICH,17
241,i fear i can entrust this to no one but you.,539,NEKHORVICH,17
242,"dmitri, as we say, i'm sorry and you're sorry.",540,NEKHORVICH,17
243,do you have any idea what the hell he's talking about,541,SWANBECK,17
244, an idea,542,ETHAN,17
245,yeah.,542,ETHAN,17
246, like,542,SWANBECK,17
247,like it's a good idea to pick him up in a hurry...,543,ETHAN,17
248,and a bad idea to fly him on a commercial carrier.,544,ETHAN,17
249,is he still in sydney,545,ETHAN,17
250,dr. vladimir nekhovich is dead.,545,SWANBECK,17
251,"so is his colleague gradski, but that happened earlier.",546,SWANBECK,17
252,we had nekhovich on a flight from sydney that crashed in the rockies.,547,SWANBECK,17
253, dead,549,ETHAN,17
254, are you listening to me,549,SWANBECK (cont'd),17
255,"if he didn't want to go anywhere without me,",550,ETHAN,17
256,how did you get him on that flight,550,ETHAN,17
257,"oh, you were there.",551,SWANBECK,17
258,"when i couldn't find you, i had to replace you.",552,SWANBECK,17
259,sean ambrose was the obvious choice.,553,SWANBECK,17
260,"now, he doubled you, what, two or three times",554,SWANBECK,17
261, twice.,555,ETHAN,17
262, what did you think of him,555,SWANBECK,17
263,we had our reservations about each other.,557,ETHAN,17
264,isn't it a little late to be asking me that,558,ETHAN,17
265,"no, not necessarily.",560,SWANBECK,17
266,airline records...,560,SWANBECK,17
267,list a captain harold macintosh as the pilot of flight 2207.,560,SWANBECK,17
268,"as far as the media and all government agencies are concerned,",561,SWANBECK,17
269,captain macintosh died on the flight.,561,SWANBECK,17
270,"but, in fact, he missed it.",562,SWANBECK,17
271,"he did, however, make the next flight...",564,SWANBECK,17
272,in cargo.,565,SWANBECK,17
273,"stuffed into a rather small suitcase, considering his size.",565,SWANBECK,17
274,"now, someone on that flight planned an operation...",566,SWANBECK (cont'd),17
275,designed to bring the plane down and make it look like an accident.,568,SWANBECK (cont'd),17
276,someone skillful enough to bring the whole thing off without a hitch.,568,SWANBECK (cont'd),17
277,so there's one thing we know that ambrose doesn't.,572,ETHAN,17
278,you do think it was ambrose,574,SWANBECK,17
279,you're not surprised,574,SWANBECK (cont'd),17
280,sean feels he hasn't done the job unless he leaves a lot of hats on the ground.,574,ETHAN,17
281,the question is why,575,SWANBECK,17
282,"what was this, uh, chimera, nekhovich was carrying",575,SWANBECK,17
283,only ambrose knows that.,575,ETHAN,17
284,"in any case, you must recover this whatever chimera, and bring it to us.",577,SWANBECK,17
285,"in order to do that, i have to figure out how he plans to make money with it.",578,ETHAN,17
286,that is where miss hall comes in.,579,SWANBECK,17
287,excuse me,583,ETHAN,17
288,miss hall and ambrose had a relationship...,583,SWANBECK,17
289,which he took very seriously.,583,SWANBECK,17
290,"she walked away, and he's been wanting her back ever since.",583,SWANBECK,17
291,we believe she's our surest and quickest way of locating him.,583,SWANBECK,17
292,and then what,584,ETHAN,17
293,"well, make sure she continues to see him,",585,SWANBECK,17
294,"gets him to confide in her, and report to you.",585,SWANBECK,17
295,you made it sound as if i was recruiting her for her skills as a thief.,589,ETHAN,17
296,"well, then i misled you, or you made the wrong assumption.",590,SWANBECK,17
297,"either way, we're asking her to resume a prior relationship,",590,SWANBECK,17
298,not do anything she hasn't already done.,590,SWANBECK,17
299,"voluntarily, i might add.",591,SWANBECK,17
300,"no, she's got no training for this kind of thing.",591,ETHAN,17
301,"what, to go to bed with a man and lie to him",592,SWANBECK,17
302,she's a woman.,592,SWANBECK,17
303,she's got all the training she needs.,593,SWANBECK,17
304,i don't think i can get her to do it.,595,ETHAN,17
305, you mean it'll be difficult.,597,SWANBECK,17
306, very.,597,ETHAN,17
307,"well, this is not mission difficult, mr. hunt, it's mission impossible.",598,SWANBECK,17
308,difficult should be a walk in the park for you.,598,SWANBECK,17
309,i'm open to suggestion.,599,SWANBECK,17
310,"if you can think of a quicker way, you're welcome to try.",600,SWANBECK,17
311,you might take a look at these...,601,SWANBECK,17
312,if you have any further qualms about getting her to do the job.,602,SWANBECK,17
313,how many people are capable of something like that,618,NYAH,18
314,"sean ambrose, for one.",620,ETHAN,18
315,right.,621,NYAH,18
316,"this wasn't what i had in mind, nyah.",625,ETHAN,19
317,but it is what you'd like me to do.,625,ETHAN,19
318,what,627,NYAH,19
319,"oh, let my conscience be my guide, is that it",627,NYAH,19
320,something like that.,628,ETHAN,19
321,i don't have a conscience.,629,NYAH,19
322,i'm a bloody thief.,629,NYAH,19
323,are you gonna try and force me to do this,631,NYAH,19
324,"generally, i don't favor coercing someone,",632,ETHAN,19
325,not when there's a chance my life could end up in their hands.,632,ETHAN,19
326, is that the only reason,634,NYAH,19
327, can you think of a better one,634,ETHAN,19
328,me,635,NYAH,19
329,no.,635,NYAH,19
330,"but i was just hoping that you might,",635,NYAH,19
331,"thinking that somewhere, this got personal as well as physical",635,NYAH,19
332,would it make you feel any better if i didn't want you to do this,636,ETHAN,19
333," yeah, much.",638,NYAH,19
334, then feel better,638,ETHAN,19
335,"you know, sean will never be anything but suspicious...",645,NYAH,19
336,"if i pitch up saying, ''hey, honey, i'm home. ''",645,NYAH,19
337,what wouldn't make him suspicious,645,ETHAN,19
338,that i needed him in some urgent way.,646,NYAH,19
339,destitute.,648,NYAH,19
340,in serious trouble.,648,NYAH,19
341,the kind i couldn't possibly sort out myself.,648,NYAH,19
342,"serious trouble, nyah, is something that i can always arrange.",649,ETHAN'S VOICE,19
343,this transponder chip is completely untraceable.,653,ETHAN,19
344,it transmits your location to a satellite...,656,ETHAN,19
345,which can be read by only this computer.,657,ETHAN,19
346,we can then track you to within three feet.,658,ETHAN,19
347,anywhere.,659,ETHAN,19
348,"since your arrest, i've been sending news bulletins...",659,ETHAN,19
349,to every law enforcement agency.,660,ETHAN,19
350,"i know sean ambrose,",662,ETHAN,19
351,"and i guarantee that after that airline crash,",664,ETHAN,19
352,he's monitoring everyone of them.,666,ETHAN,19
353,he knows you're there.,667,ETHAN,19
354,and he has the means to get you out.,669,ETHAN,19
355,nyah...,670,ETHAN,19
356,nyah...,671,ETHAN,19
357,i'm not gonna lose you.,671,ETHAN,19
358,ethan hunt,700,BILLY,22
359,"g'day, mate.",700,BILLY,22
360,i'm william baird.,700,BILLY,22
361,billy's okay.,700,BILLY,22
362,"anything you need me to get, move or watch, just let me know.",701,BILLY,22
363,i'll have a look around.,702,BILLY,22
364, shit.,706,LUTHER,22
365," yes, it is.",706,ETHAN,22
366,this ain't funny.,708,LUTHER,22
367,"i just bought these 800 gucci shoes,",709,LUTHER,22
368,and you got me in a helicopter with this man,710,LUTHER,22
369,computer's up.,718,ETHAN,27
370,we got her.,718,ETHAN'S VOICE,27
371,let's put in the coordinates and get a visual.,719,ETHAN,27
372,visuals aren't coming up.,727,ETHAN,27
373,the satellite doesn't work as fast as i do.,728,LUTHER,27
374,"yeah, i heard about you, luther.",730,BILLY,27
375,just wanna say it's an honor...,730,BILLY,27
376,and a pleasure to be working with you blokes.,731,BILLY,227
377,come on.,735,ETHAN,27
378,isn't there any way we can speed this up,735,ETHAN,27
379,with what,737,LUTHER,27
380,this is the only computer that'll do this.,737,LUTHER,27
381,ohhh,740,BILLY,27
382,"ethan, here we go.",760,LUTHER,27
383,aye.,763,BILLY,27
384,"now, there's a bloke who knows how to give a proper welcome.",765,BILLY,27
385,"don't get me wrong, mate.",766,BILLY,27
386,you were very friendly also.,766,BILLY,27
387, is it him,768,BILLY,27
388," it's him, billy.",768,LUTHER,27
389, so we've got him,768,BILLY,27
390, we don't know what we've got.,768,ETHAN,27
391,"'cause we don't know what he's got,",769,ETHAN,27
392,where he's got it or what he's doing in sydney with it.,769,ETHAN,27
393, not much luggage.,772,AMBROSE,28
394, i left in a bit of a hurry.,772,NYAH,28
395,"i'm incredibly grateful, sean.",773,NYAH,28
396,how in the world did you find me,774,NYAH,28
397,"how i usually find you, nyah.",775,AMBROSE,28
398,magic.,776,AMBROSE,28
399,"mmm, mmm",781,WALLIS,28
400,no flies on her.,781,WALLIS,28
401,"no bugs, either.",782,WALLIS,28
402,no transmissions.,782,WALLIS,28
403,she's clean.,783,WALLIS,28
404,all cats are.,783,STAMP,28
405, your room,785,NYAH,29
406, mmm.,785,AMBROSE,29
407, and my room,787,NYAH,29
408, hmm.,787,AMBROSE,29
409,she did it.,791,LUTHER,29
410,she's in the compound.,791,LUTHER,29
411,yeah,792,ETHAN,29
412,we just rolled up a snowball and tossed it into hell.,792,ETHAN,29
413,now we'll see what chance it has.,792,ETHAN,29
414,try it on.,793,AMBROSE ( cont'd),30
415,go ahead.,794,AMBROSE (cont'd),30
416,i'm dying to see if i remembered your size.,797,AMBROSE (cont'd),30
417,you're not interested in seeing how it looks,802,NYAH,30
418,"oh, i am.",803,AMBROSE,30
419,later.,804,AMBROSE,30
420,every search for a hero...,804,NEKHORVICH,31
421,must begin with something that every hero requires,804,NEKHORVICH,31
422,a villain.,805,NEKHORVICH,31
423,"therefore, in the search for our hero, bellerophon,",805,NEKHORVICH,31
424,"we created a monster, chimera.",806,NEKHORVICH,31
425,nekhovich was a molecular biologist.,806,LUTHER,31
426,why is he going on about an old greek myth,807,LUTHER,31
427,nekhovich specialized in recombining dna molecules.,808,ETHAN,31
428,"in the myth,",809,ETHAN,31
429,bellerophon was a prince who killed the chimera.,810,ETHAN,31
430,a monster with the head of a lion...,810,ETHAN,31
431,and the tail of a serpent...,810,ETHAN,31
432,who plagued the ancient world.,811,ETHAN,31
433,i think nekhovich created a monster virus named chimera...,812,ETHAN,31
434,"and the antivirus to kill it,",813,ETHAN,31
435,named bellerophon.,814,ETHAN,31
436,"that simple, huh",815,LUTHER,31
437,why not,816,ETHAN,31
438,37 million.,821,AMBROSE'S VOICE,32
439,"now, that's a promising bid for nekhovich's work.",822,AMBROSE'S VOICE,32
440,"don't look so worried, hugh.",823,AMBROSE'S VOICE,32
441,we're halfway there.,823,AMBROSE,32
442,we'll need this at the track...,825,AMBROSE,32
443,if we're gonna get the other half.,826,AMBROSE,32
444,"well, then... sorted.",829,AMBROSE,32
445,not everything.,833,STAMP,32
446,why do you think she's really here,833,STAMP,32
447,from her point of view or mine,834,AMBROSE,32
448,"well, she wasn't exactly gagging for it...",835,STAMP,32
449,when she left you six months ago.,836,STAMP,32
450,"the question is, do you trust her",837,STAMP,32
451,"one considers her timing, of course.",840,AMBROSE,32
452,getting nicked within a week of the plane going down.,842,AMBROSE,32
453,"suggestive, even borderline suspicious,",843,AMBROSE,32
454,but hardly conclusive.,844,AMBROSE,32
455,"well, you've thought about it, at any rate.",847,STAMP,32
456,"tell me, hugh,",850,AMBROSE,32
457,"you don't exactly hang on nyah's every word and gesture, do you",851,AMBROSE,32
458,that's a fairly ratty nail that.,855,AMBROSE,32
459,"sean, please",861,STAMP,32
460,suppose she is some sort of trojan horse sent in by imf to spy on us.,862,AMBROSE,32
461,why should i deny myself the pleasure of a ride or two,864,AMBROSE,32
462,or don't you think i can learn more from her than she can from me,868,AMBROSE,32
463,i do,872,STAMP,32
464,i do,872,STAMP,32
465,i do,872,STAMP,32
466,i do,872,STAMP,32
467,"now, hugh,",873,AMBROSE,32
468,you must realize that some of us...,874,AMBROSE,32
469,have the burden of sex to deal with.,874,AMBROSE,32
470,"and i may or may not know why she thinks she's here,",875,AMBROSE,32
471,"but i'm willing to take the risk, because, hugh,",877,AMBROSE,32
472,i am gagging for it.,879,AMBROSE (cont'd),32
473,come on,891,AMBROSE,34
474,darling,893,AMBROSE,34
475,you won,893,AMBROSE,34
476, i suppose i did.,893,NYAH,34
477, what made you pick that nag,893,AMBROSE,34
478,he's never won a bloody thing.,894,AMBROSE,34
479, ''thief in the night.'',894,NYAH,34
480, say no more.,894,AMBROSE,34
481,"i'm, uh",895,AMBROSE,34
482,i'm off to grab a drink.,898,AMBROSE,34
483,do you still favor the bellinis,898,AMBROSE,34
484,mmm.,898,NYAH,34
485,''naturally vain.'',905,BILLY,34
486,pardon me,906,NYAH,34
487,naturally vain... in the fourth.,907,BILLY,34
488,check her out.,907,BILLY,34
489,she's due.,907,BILLY,34
490,you can speak as if i'm right by your side.,912,ETHAN'S VOICE,34
491,where are you,913,NYAH,34
492,"mounting enclosure just off the track, 200.",913,ETHAN'S VOICE,34
493,how's it going,920,ETHAN,34
494,just like old times.,921,NYAH,34
495,just like old times,922,ETHAN,34
496,just about.,923,NYAH,34
497,tell me who you've run into at ambrose's.,926,ETHAN,34
498,"near as i can tell, there's about a half dozen other blokes about the place.",926,NYAH,34
499,maybe more.,928,NYAH,34
500,"hugh stamp, old friend of sean's.",928,NYAH,34
501,he's the only one i recognize.,930,NYAH,34
502,and a bit of a creep and then some.,930,NYAH,34
503,we know him.,933,ETHAN,34
504,"he's over your left shoulder, looking at you right now.",933,ETHAN,34
505,ambrose has photos of newspapers with money piled on them.,935,NYAH,34
506,thirty seven million on the london times.,936,NYAH,34
507,what's that about,937,NYAH,34
508,bids from possible chimera buyers.,937,ETHAN,34
509,ambrose is meeting some bloke in the bar.,942,BILLY,34
510,big bloke.,943,BILLY,34
511,ginger hair.,943,BILLY,34
512,they're into something.,943,BILLY,34
513, who is this guy,948,ETHAN,34
514," checking now, ethan.",948,LUTHER,34
515,"john mccloy, ceo biocyte pharmaceuticals.",951,LUTHER,34
516,"in 1989, acquired biocyte in a hostile takeover.",953,LUTHER,34
517,he was nekhovich's boss.,956,ETHAN,34
518,right.,957,LUTHER,34
519,he worked for him as a research scientist at biocyte.,957,LUTHER,34
520,ambrose is showing something to mccloy on a digital camera.,959,LUTHER,35
521,"whatever mccloy's looking at, he's not happy about it.",960,ETHAN,35
522,ambrose just pulled...,964,LUTHER,35
523,the camera's memory card and put it into an envelope.,965,LUTHER,35
524,put it in his inner left jacket pocket.,967,LUTHER,35
525,confirm left jacket pocket.,970,ETHAN,35
526,roger that.,972,LUTHER,35
527,nyah.,975,ETHAN,35
528,"nyah, ambrose is on his way back to you.",975,ETHAN,35
529, there's an envelope inside  his left jacket pocket.,977,NYAH,35
530,that's right.,978,ETHAN,35
531, where do i meet you,979,NYAH,35
532," betting table 12, off the paddock.",979,ETHAN,35
533, are you sure you're up to this,981,ETHAN,35
534, i'll muddle through.,981,NYAH,35
535, there you are,983,AMBROSE,35
536, see anything you like,983,AMBROSE,35
537,"well, yeah.",983,NYAH,35
538,''naturally vain.'',983,NYAH,35
539,"but they're about to close the betting, and i haven't a bean.",986,NYAH,35
540, nyah,990,AMBROSE,35
541, would you mind terribly,990,NYAH,35
542,not at all.,991,AMBROSE (cont'd),35
543,"but, um, you are gonna pay for it.",991,AMBROSE (cont'd),35
544, and with interest.,992,AMBROSE (cont'd),35
545, i have no doubt.,992,NYAH,35
546,hold on.,993,AMBROSE,35
547,put down a thousand for me.,1000,AMBROSE (cont'd),35
548, to win,1003,NYAH,35
549, what else,1003,AMBROSE,35
550,"billy, make sure nyah's not followed.",1005,ETHAN,35
551,"no worries, mate.",1005,BILLY,35
554,"luther, digital camera ready to transmit.",1007,ETHAN'S VOICE,35
555,betting table 12.,1008,ETHAN'S VOICE,35
556, there you go.,1011,BILLY,36
557, fine.,1011,WOMAN,36
558,"oh, sorry about that, mate.",1013,BILLY,36
559,say again,1018,STAMP,36
560,"whatever you're about, in future, watch your step.",1019,STAMP,36
561,never know who you might run into.,1020,STAMP,36
562,so where's the loo,1023,STAMP,36
563,"thanks, mate.",1025,STAMP,36
564,how'd you do,1031,ETHAN'S VOICE,37
565,don't turn around.,1032,ETHAN'S VOICE,37
566,i managed.,1032,NYAH,37
567,you turned around.,1034,ETHAN,37
568,what are you gonna do,1035,ETHAN,37
569,spank me,1035,ETHAN,37
570,i'm booted up.,1047,LUTHER,37
571,"go, ethan.",1047,LUTHER,37
572,are you getting this,1052,ETHAN,37
573,''sergei gradski.,1055,LUTHER,37
574,20 hours after exposure. '',1056,LUTHER,37
575,god.,1065,LUTHER,38
576,stamp 's out of the loo.,1069,BILLY,38
577,"he's coming out of the tunnel, heading your way, mate.",1070,BILLY'S VOICE,38
578, i want you out of ambrose's place.,1070,ETHAN,38
579, what are you talking about,1070,NYAH,38
580,what's happened,1073,NYAH,38
581,what did you see,1073,NYAH,38
582,"okay, he's coming up behind you, ethan.",1077,BILLY,38
583,you've done your job.,1078,ETHAN,38
584,i want you out of australia.,1078,ETHAN,38
585, thirty steps.,1082,BILLY'S VOICE,38
586, how do you suggest i go about it,1082,NYAH,38
587,he's touched your heart.,1084,ETHAN,38
588,you need to think it over.,1084,ETHAN,38
589,"fifteen, fourteen, twelve, eleven.",1085,BILLY,38
590,i want you out of there now.,1087,ETHAN,38
591,give me the earpiece.,1087,ETHAN,38
592," nine, ethan.",1091,BILLY,38
593,eight.,1091,BILLY,38
594," if you don't get out of there,",1091,ETHAN,38
595,i'm coming in and getting you out.,1093,ETHAN,38
596,"ethan, get out of there",1096,BILLY,38
597,"you placed your bet, ma'am",1096,STAMP,38
598,just.,1098,NYAH,38
599,horses are ready to race.,1099,ANNOUNCER,40
600,they're off,1100,ANNOUNCER,40
601,come on,1103,AMBROSE,40
602,come on,1103,AMBROSE,40
603,your nag's making a run for it on the outside,1103,AMBROSE,40
604,come on,1106,AMBROSE,40
605,come on,1106,AMBROSE,40
606,you picked another winner,1110,AMBROSE,40
607,i thought you were going to dinner.,1112,STAMP,41
608,"hugh, take care of the nekhovich memory card.",1112,AMBROSE,41
609,where is it,1114,STAMP,41
610,in the envelope in my jacket pocket.,1115,AMBROSE,41
611,my right jacket pocket.,1117,AMBROSE,41
612,"we at our stateoftheart solarpowered biocyte building,",1119,MCCLOY,41
613,"recognize that eternal vigilance is the price of health,",1119,MCCLOY,41
614,"whether it's funding the teaching center at the royal prince edward hospital,",1121,MCCLOY,41
615,removing aerosol products from the market...,1121,MCCLOY,41
616,or braving the influenza quarantine at bruny island late last month.,1122,MCCLOY,41
617,"at biocyte, your life is our life's work.",1123,MCCLOY,41
618,we've got an opportunity here.,1124,AMBROSE,41
619,i'm not going to miss it.,1124,AMBROSE,41
620,"george, take me home.",1132,MCCLOY,42
621,george,1136,MCCLOY,42
622,george,1137,MCCLOY,42
623,what the hell,1139,MCCLOY,42
624,george,1142,MCCLOY,42
625,george,1145,MCCLOY,42
626,george,1145,MCCLOY,42
627,sean,1145,NYAH,43
628,sean,1146,NYAH,43
629,shhh.,1158,ETHAN,43
630,easy.,1159,ETHAN,43
631,"oh, ethan.",1159,NYAH,43
632,are you okay,1160,ETHAN,43
633,"yeah, i am now.",1160,NYAH,43
634, what is this,1167,MCCLOY,49
635, a visit from an old friend.,1167,NEKHORVICH,49
636,you crashed on the plane.,1167,MCCLOY,49
637,you're dead.,1167,MCCLOY,49
638,"dead, certainly.",1169,NEKHORVICH,49
639,but dead is a little extreme.,1169,NEKHORVICH,49
640,"on the other hand, when my colleague gradski had your pulse...",1169,NEKHORVICH,49
641,"and your blood pressure, he had less than a day to live.",1170,NEKHORVICH,49
642,"you are infected with chimera, my friend.",1172,NEKHORVICH,49
643,"no use, my friend.",1175,NEKHORVICH,49
644,the medical staff wants no part of this.,1176,NEKHORVICH,49
645,doctors don't fancy the idea of dying any more than anybody else.,1179,NEKHORVICH,49
646,how could i possibly be infected,1180,MCCLOY,49
647,that's exactly what gradski said 27 hours before he died.,1181,NEKHORVICH,49
648,"you've got the antidote, you miserable bastard",1183,MCCLOY,49
649, you stole bellerophon,1185,MCCLOY,49
650,all of it,1185,MCCLOY,49
651," my, my, my.",1185,NEKHORVICH,49
652,i need it,1185,MCCLOY,49
653,"i need it now, you whackedout russian gypsy",1185,MCCLOY,49
654,"and what about gradski, who you deliberately infected with chimera",1186,NEKHORVICH,49
655,how was i to know they needed...,1188,MCCLOY,49
656,to be treated with bellerophon within 20 hours,1188,MCCLOY,49
657, by asking me.,1189,NEKHORVICH,49
658," you still don't get it, do you",1189,MCCLOY,49
659,"i needed to know just how bad the disease was in the real world,",1190,MCCLOY,49
660,not just the lab.,1191,MCCLOY,49
661,you were genetically splicing together strains of influenza...,1192,MCCLOY,49
662,to create a cure for all influenzas.,1193,MCCLOY,49
663,"but you were also creating a disease so terrible in chimera,",1193,MCCLOY,49
664,the cure would be priceless.,1194,MCCLOY,49
665,i needed chimera in order to peddle bellerophon.,1195,MCCLOY,49
666,"it's not that difficult to understand, is it",1196,MCCLOY,49
667,"look, i've got the virus.",1197,MCCLOY,49
668,you've got the cure.,1197,MCCLOY,49
669,i need them both.,1198,MCCLOY,49
670,time was a shot of penicillin would knock off...,1199,MCCLOY,49
671,every bloody bug in the zoo.,1199,MCCLOY,49
672,not anymore.,1199,MCCLOY,49
673,"if i couldn't make money killing the microscopic little shits out there,",1200,MCCLOY,49
674,"well, you'd help me put one out there that i could make money on.",1200,MCCLOY,49
675,"well, there it is.",1202,MCCLOY,49
676,i've confessed.,1202,MCCLOY,49
677,"i, john c. mccloy,",1202,MCCLOY,49
678,am in business to make money.,1202,MCCLOY,49
679,"now, forget any deal you may have made with that thug ambrose.",1203,MCCLOY,49
680,"get me treated, and let's go back to work.",1204,MCCLOY,49
681,"you know,",1205,NEKHORVICH,49
682,i think it's a little late for that.,1205,NEKHORVICH,49
683,do give my regards to gradski...,1207,NEKHORVICH,49
684,if you see him.,1207,NEKHORVICH,49
685,well...,1209,NEKHORVICH,49
686,i've heard...,1209,NEKHORVICH,49
687,all i need to hear.,1209,ETHAN,49
688,nyah...,1210,ETHAN,51
689,it's imperative that we do nothing to alarm ambrose.,1210,ETHAN,51
690,what,1211,NYAH,51
691,you told me to get out of there as soon as possible.,1211,NYAH,51
692,i thought you were here to collect me,1212,NYAH,51
693,"shh, shh, shh, shh, shh",1212,ETHAN,51
694,listen to me.,1213,ETHAN,51
695,there's no time to talk.,1213,ETHAN,51
696,"it is critical, absolutely critical,",1213,ETHAN,51
697,that you do whatever ambrose asks.,1214,ETHAN,51
698,do you understand me,1214,ETHAN,51
699,don't worry.,1215,ETHAN,51
700,it will all be over... very soon.,1215,ETHAN,51
701,that's a promise.,1218,ETHAN,51
702,go on.,1219,ETHAN,51
703,go on.,1219,ETHAN,51
704,off you go.,1219,ETHAN,51
705,"luther, we know this much.",1224,ETHAN,52
706,nekhovich gets on a plane...,1224,ETHAN,52
707,to go to the center for disease control in atlanta.,1224,ETHAN,52
708,"he's carrying a virus he created, chimera,",1224,ETHAN,52
709,"and the cure for that virus, bellerophon.",1224,ETHAN,52
710,ambrose doesn't have the virus.,1225,ETHAN,52
711,that's why ambrose needs mccloy.,1226,LUTHER,52
712,"so we go into biocyte, kill chimera,",1227,ETHAN,52
713,"ambrose has a cure without a disease,",1227,ETHAN,52
714,and we're home free.,1227,ETHAN,52
715,you were right.,1228,STAMP,53
716,hunt stung mccloy tonight.,1228,STAMP,53
717,so he knows.,1228,STAMP,53
718,he'll be going into biocyte.,1228,STAMP,53
719,good.,1228,AMBROSE,53
720,"then we'll know where he'll be, don't we",1228,AMBROSE,53
721,"well done, hugh.",1228,AMBROSE,53
722,well done.,1228,AMBROSE,53
724,"you're home, mate.",1230,BILLY,54
725,home.,1230,BILLY,54
726,where's george,1230,MCCLOY,54
727,my regular driver,1230,MCCLOY,54
728,where is he,1230,MCCLOY,54
729,he's gone home sick.,1230,BILLY,54
730,touch of the flu.,1230,BILLY,54
731,is the building up and running yet,1232,ETHAN,55
732,mmm.,1232,LUTHAR,55
733,that's not exactly it.,1234,ETHAN (cont'd),55
734,"sorry, but this is a biocyte facility.",1234,LUTHER,55
735,their storage structure.,1235,LUTHER,55
736,i'll have it up in a minute.,1235,LUTHER,55
737," okay, take a look at this.",1239,LUTHER,55
738, start from the inside out.,1239,ETHAN,55
739,"all storage and production of chimera is done here,",1240,LUTHER,55
740,in this lab on the 42ndfloor.,1241,LUTHER,55
741,"hunt's target will be the chimera,",1241,AMBROSE,55
742,stored and manufactured at biocyte on the 42nd floor.,1242,AMBROSE,55
743,"if you look at hunt's operational history, and i have,",1242,AMBROSE,55
744,he invariably favors misdirection over confrontation.,1242,AMBROSE,55
745,he'll never break into biocyte from the bottom where security is heaviest.,1243,AMBROSE,55
746,no garage entrances.,1243,LUTHER,55
747,lobby's protected by five guards on rotating patrol.,1244,LUTHER,55
748,not goin' in from the ground.,1246,ETHAN,55
749,show me the atrium.,1246,ETHAN,55
750,the atrium,1247,LUTHER'S VOICE,56
751,one of a kind.,1247,LUTHER'S VOICE,56
752,runs down through the center of the building.,1248,LUTHER'S VOICE,56
753,provides 24hournaturallight via mirrors and daylight storage cells.,1249,LUTHER'S VOICE,56
754,optimal growing conditions for the virus.,1249,LUTHER'S VOICE,56
755,ends in a glass floor which doubles as part of the lab ceiling.,1250,LUTHER'S VOICE,56
757,the atrium roof closes at sundown.,1253,LUTHER,56
758,"and if the louvers are up for more than 40seconds at night,",1254,LUTHER'S VOICE,57
759,the civil emergency alarms are tripped.,1256,LUTHER'S VOICE,57
760,"those, even i can't stop.",1256,LUTHER'S VOICE,57
761,"ethan, we have a total of 40 seconds...",1257,LUTHER'S VOICE,57
762,to get you in and the cables out.,1257,LUTHER'S VOICE,57
763,"no, hunt will prefer to enter biocyte somewhere from the top...",1259,AMBROSE,57
764,where security is minimal.,1259,AMBROSE,57
765,he'll undoubtedly engage in some aerobatic insanity...,1259,AMBROSE,57
766,before he'll risk harming a hair on a security guard's head.,1259,AMBROSE,57
767, checkcheck.,1267,ETHAN,64
768,got copy,1267,ETHAN,64
769, you're fivebyfive.,1267,BILLY,64
770,"luther, how we doin '",1268,ETHAN,64
771,"not there yet, ethan.",1268,LUTHER,64
772,i'll give you the word.,1268,LUTHER,64
773,"billy, ready to go",1270,ETHAN,64
774,"okay, package away in five",1274,BILLY,64
775,i'm not ready.,1276,LUTHER,64
776,the louvers aren't moving.,1276,LUTHER,64
777,"come on, luther",1278,BILLY,64
778,we gotta go,1278,BILLY,64
779,"wait, there's a glitch in the access code.",1279,LUTHER,64
780,"luther, we're out of time.",1284,BILLY,64
781,on the count.,1284,BILLY,64
782,"please, baby, open up, open up.",1287,LUTHER,64
783," five, four,  come on",1289,BILLY,64
784,"three, two, one",1292,BILLY,64
785, i'm going now,1294,ETHAN,64
786," ethan, wait",1294,LUTHER,64
787,"twenty five, twenty four, twenty three,",1324,LUTHER,64
788,"twenty two, twenty one, twenty.",1326,LUTHER,64
789,"ethan, you've got 19seconds to clear the cable.",1327,LUTHER,64
790,"okay, retracting cable",1339,BILLY,64
791,come on,1341,BILLY,64
792,"nine, eight, seven, six,",1344,LUTHER,64
793,"five, four, three, two",1349,LUTHER'S VOICE,64
794,cable's clear,1352,BILLY'S VOICE,64
795,transponder activated.,1358,LUTHER,64
796,reading package and cable clear.,1358,LUTHER,64
797,"he'll breach the lab at the only possible time,",1362,AMBROSE,66
798,whether you break in from the ground or the roof.,1363,AMBROSE,66
799,"it's 2300 hours, one minute...",1363,AMBROSE,66
800,when the air filtration generators will cover the sound of hunt's breakin...,1363,AMBROSE'S VOICE,66
801,and the rotating guards make the building vulnerable...,1363,AMBROSE,66
802,to our breakin from below.,1363,AMBROSE'S VOICE,66
803,"ethan, the generator's about to go active.",1365,LUTHER,66
804,just a friendly reminder.,1366,LUTHER,66
805,we'll be out of contact for eight minutes.,1366,LUTHER,66
806,i'm betting hunt will destroy chimera...,1384,AMBROSE,66
807,rather than attempt to preserve any part of it.,1384,AMBROSE,66
808,he'll have to do it in two places.,1384,AMBROSE,66
809,"first, the incubation room where the growth vials are kept.",1384,AMBROSE'S VOICE,66
810,"and finally, in the inoculation chamber...",1386,AMBROSE'S VOICE,66
811,holding the last remaining chimera virus in three injection guns.,1388,AMBROSE'S VOICE,66
812,he won't be allowed to destroy the virus in those guns.,1389,AMBROSE,66
813,what's this,1393,ONE OF THE GUARDS,67
814,"you're on time, for once",1393,ONE OF THE GUARDS,67
815,"not exactly, sport.",1393,STAMP,67
816,john c. mccloy.,1395,ETHAN,68
817,"billy, i think we've got a problem.",1404,LUTHER,69
818,nyah's on the wing up early.,1406,LUTHER,69
819,"billy, do you copy",1406,LUTHER,69
820,"yeah, i got you, luther.",1407,BILLY,69
821,"sorry, exactly where is she",1407,BILLY,69
822, in the building.,1408,LUTHER,69
823," say again, mate.",1408,BILLY'S VOICE,69
824,sounds like you're saying she's in the building.,1410,BILLY'S VOICE,69
825,i am.,1412,LUTHER,69
826,she is.,1412,LUTHER,69
827,"uh, well, then she's not likely to be alone, is she, mate",1413,BILLY,69
828,"she's in the elevator, headed towards ethan.",1415,LUTHER,69
829,the question is.,1415,LUTHER,69
830, how many of them,1415,LUTHER,69
831,"i can't get through to ethan, not till the generators go.",1416,LUTHER,69
832," yeah, well, when's that",1417,BILLY,69
833, not for another...,1417,LUTHER,69
834,fiveandahalf minutes.,1419,LUTHER,69
835,chimera in vitro ph and temperature level...,1436,COMPUTER VOICE,71
836,outside optimal range.,1437,COMPUTER VOICE,71
837,chimera in vitro ph and temperature level...,1439,COMPUTER VOICE,71
838,outside optimal range.,1441,COMPUTER VOICE,71
839,chimera working seed stock ph at critical level.,1442,COMPUTER VOICE,71
840,alert.,1443,COMPUTER VOICE,71
841,chimera stock life threatened.,1443,COMPUTER VOICE,71
842,alert.,1444,COMPUTER VOICE,71
843,chimera stock life terminated.,1444,COMPUTER VOICE,71
844,"come on, ethan.",1448,LUTHER,71
845,come on.,1448,LUTHER,71
846,subject is contaminant free.,1455,COMPUTER VOICE,71
847,zero contaminant factor.,1456,COMPUTER VOICE,71
848,"come on, come on, come on, come on.",1460,LUTHER,71
849,"luther, what the hell can we do",1461,BILLY,71
850,what can we do,1462,LUTHER,71
851,hope he kills all the bugs before the yellow dot gets to the red one.,1462,LUTHER,71
852,"however we travel,",1488,NEKHORVICH,72
853,i must arrive at my destination within 20 hours of departure.,1488,NEKHORVICH,72
854,how was i to know that he needed to be treated...,1491,NEKHORVICH,72
855,with bellerophon within 20hours,1491,NEKHORVICH,72
856,get him.,1514,AMBROSE,75
857,how much longer before you can reach him,1533,BILLY,75
858,"we've got29seconds before the generators turn off,",1534,LUTHER,75
859,then ethan will be back online.,1535,LUTHER,75
860,ahh,1549,SOLDIER,75
861,luther,1566,BILLY,80
862,luther,1566,BILLY,80
863,hold your fire,1596,AMBROSE,82
864,"hold your fire, damn it",1598,AMBROSE,82
865,"well, hunt...",1602,AMBROSE (cont'd),82
866,how've you been,1605,AMBROSE (cont'd),82
867,fighting a bit of a cold.,1605,ETHAN,82
869,"you know, that was the hardest part of having to portray you",1608,AMBROSE,82
870,grinning like an idiot every 15 minutes.,1609,AMBROSE,82
871,i would've thought the hardest part was curbing that pressing need of yours...,1612,ETHAN,82
872,to get your gun off.,1613,ETHAN,82
873,you were in such a hurry to knock off that 747...,1614,ETHAN,82
874,you never figured out where chimera really was.,1615,ETHAN,82
875, i knew where it was.,1617,AMBROSE,82
876, oh.,1617,ETHAN,82
877,then you knew the only way nekhovich could smuggle the live virus...,1617,ETHAN,82
878,is by injecting himself and using his own bloodstream as a petri dish.,1618,ETHAN,82
879,"you knew that... while you were knocking him off,",1621,ETHAN,82
880,destroying the very thing you came for.,1622,ETHAN,82
881,stop,1632,AMBROSE,82
882,put a sock in it,1632,AMBROSE,82
883,"hit that bloody gun, and you'll spray the virus all over the place",1635,AMBROSE,82
884,"there it is, guys.",1637,ETHAN,82
885,the last of it.,1638,ETHAN,82
886,what was the top bid,1639,ETHAN,82
887,why,1640,AMBROSE,82
888,you gonna make me a better offer,1640,AMBROSE,82
889,than 37 million,1641,ETHAN,82
890,not really.,1641,ETHAN,82
891,oh,1642,AMBROSE,82
892,somebody has been slipping you our mail.,1643,AMBROSE,82
893,"come on out here, you bad girl.",1645,AMBROSE,82
894,"sean, she doesn't belong here.",1650,ETHAN,82
895,let her go.,1650,ETHAN,82
896,she wouldn't be here...,1652,AMBROSE,82
897,"if it wasn't for you, hunt.",1652,AMBROSE,82
898,"from this moment, you are responsible for what happens to her.",1656,AMBROSE,82
899,"and if you're looking out for her wellbeing,",1657,AMBROSE,82
900,i suggest you advise her to pick up the injection gun and bring it to me.,1660,AMBROSE,82
901,"ball's in your court, hunt.",1660,AMBROSE,82
902,nyah's in the building.,1665,LUTHER'S VOICE,82
903,do you copy,1665,LUTHER'S VOICE,82
904,thank you.,1665,ETHAN,82
905,how do you know he won't shoot you the minute he's got it,1672,ETHAN (cont'd),82
906,please.,1674,AMBROSE,82
907,one can't hold nyah responsible for her actions.,1674,AMBROSE,82
908,"you know women, mate.",1674,AMBROSE,82
909,like monkeys they are.,1674,AMBROSE,82
910,won't let go of one branch till they get a grip on the next,1674,AMBROSE,82
911,"get it, nyah.",1676,AMBROSE,82
912,i'll cover you.,1676,AMBROSE,82
913,i am waiting.,1690,AMBROSE (cont'd),82
914,"things haven't exactly worked out the way you thought they would, ethan.",1693,NYAH,82
915,sorry.,1695,NYAH,82
916,you bitch,1709,AMBROSE,82
917,"you're not gonna shoot me, sean.",1717,NYAH,82
918,not this bitch.,1717,NYAH,82
919,'cause she's worth 37 million.,1721,NYAH,82
920, what did you think you were doing,1746,ETHAN,87
921, i wasn't thinking,1746,NYAH,87
922,"just trying to stop you from getting hurt, that's all",1750,NYAH,87
923,you who don't have a conscience.,1754,ETHAN,87
924,i guess i lied.,1756,NYAH,87
925,"you can't get us both out of here, can you",1781,NYAH,87
926,i'm infected with chimera.,1790,NYAH,87
927,you know you don't have a choice.,1790,NYAH,87
928,just do it.,1790,NYAH,87
929,do it now,1793,NYAH (cont'd),87
930,we've got 19 hours and 58 minutes,1811,ETHAN,87
931,i'll get bellerophon into your system before then,1813,ETHAN,87
932,just stay alive,1819,ETHAN,87
933,i'm not going to lose you,1819,ETHAN,87
934,feel like pleading for your life,1853,AMBROSE,88
935,"well, then, how about dying...",1857,AMBROSE,88
936,so you can make me a lot of money,1858,AMBROSE,88
937,"in just a few hours time, you can be assured...",1860,AMBROSE,88
938,of going down in history as the typhoid mary of oz.,1860,AMBROSE,88
939,g'day.,1860,AMBROSE,88
940,there's not a chance of locating nyah until can access the satellite.,1861,LUTHER,89
941,and there's not a chance of doing that until i can get this computer fixed.,1862,LUTHER,89
942,how much time does she have left,1863,LUTHER,89
943,not long.,1864,ETHAN,89
944,"but whatever happens, nyah will take care of nyah.",1864,ETHAN,89
945,what do you mean,1867,BILLY,89
946,"unless we dose her with bellerophon,",1867,ETHAN,89
947,nyah will kill herself.,1868,ETHAN,89
948,so first things first.,1870,ETHAN,89
949,"ethan, ambrose and his team have arrived...",1882,BILLY,90
950,"over the bridge, and nyah's not with him, mate.",1882,BILLY'S VOICE,96
951,copy that.,1882,ETHAN,97
952,"you all right, mate",1887,BILLY'S VOICE,97
953,looks like pretty heavy security from here.,1887,BILLY'S VOICE,97
954,what's it look like from there,1888,BILLY'S VOICE,97
955,risky.,1890,ETHAN,97
956,simon,1932,SECURITY,98
957,simon,1932,SECURITY,98
958,stay here.,1933,SECURITY,98
959,breached the structure at the 1000 grating.,1944,ETHAN,99
960,it's a dna match.,1950,CHEMIST,100
961,the blood's loaded with chimera.,1950,CHEMIST,100
962,and they certainly have bellerophon.,1955,CHEMIST (cont'd),100
963,"well, then you've got both the virus and the antivirus,",1957,MCCLOY,100
964,which means i've got 30 million for you.,1958,MCCLOY,100
965,not exactly.,1959,AMBROSE,100
966,we don't want just your cash.,1959,AMBROSE,100
967, what do you want,1962,MCCLOY,100
968," stock, mr. mccloy.",1962,AMBROSE,100
969,"stock options, to be a little more precise.",1962,AMBROSE,100
970,cut her loose... right in the center of town.,1966,AMBROSE,100
971,the more crowded the better.,1966,AMBROSE,100
972,"ethan, just picked up an ambrose call.",1969,LUTHER'S VOICE,101
973,nyah's been dropped off.,1969,LUTHER'S VOICE,101
974, where is she,1971,ETHAN,101
975, somewhere in sydney.,1971,LUTHER,102
976,somewhere in sydney,1975,ETHAN'S VOICE,103
977,care to harden the target,1975,ETHAN'S VOICE,103
978,i can't until...,1977,LUTHER'S VOICE,103
979,i can get the gps up on our computer.,1978,LUTHER'S VOICE,103
980,it's down.,1978,LUTHER,103
981,the clock is ticking.,1980,ETHAN,103
982,how quickly can you manufacture more of the antivirus,1981,AMBROSE,104
983,"no time at all, once i've got it.",1982,MCCLOY,104
984,good.,1983,AMBROSE,104
985,biocyte stock is just a few weeks away from going through the roof.,1983,AMBROSE,104
986, what are you talking about,1984,MCCLOY,104
987, an outbreak of chimera.,1984,AMBROSE,104
988, where,1987,MCCLOY,104
989," downtown sydney, for a start.",1987,AMBROSE,104
990,"you create the supply, mr. mccloy.",1988,AMBROSE (cont'd),104
991,we've just created the demand.,1989,AMBROSE (cont'd),104
992,three million people in sydney...,1989,AMBROSE (cont'd),104
993,and 17 million people in australia...,1989,AMBROSE (cont'd),104
994,"are going to need bellerophon within the next few days,",1989,AMBROSE (cont'd),104
995,not to mention the rest of the world.,1989,AMBROSE (cont'd),104
996,"now, this is how it's going to work.",1989,AMBROSE,104
997," wallis, the shares outstanding are",1990,AMBROSE,104
998,93.4 million.,1990,WALLIS,104
999,"which means, mr. mccloy, we need to get our hands on 480,000 options.",1991,AMBROSE,104
1000,we'll borrow your 30 million to buy those options.,1991,AMBROSE,104
1001,your stock has never sold above 3 1 a share.,1992,AMBROSE,104
1002,"when your stock goes north of 200,",1993,AMBROSE,104
1003,"which it will, those options will be worth billions,",1994,AMBROSE (cont'd),104
1004,and i will own 51 of biocyte.,1996,AMBROSE (cont'd),104
1005,this is outrageous.,1997,MCCLOY,104
1006,i will not let you take control of my company.,1997,MCCLOY,104
1007,sit down.,1998,AMBROSE,104
1008,you'll be a billionaire.,2023,AMBROSE,104
1009,it's better than being broke.,2023,AMBROSE,104
1010,i have terrorists and...,2024,AMBROSE,104
1011,other pharmaceutical companies standing in line.,2024,AMBROSE,104
1012,"the ball's in your court, mr. mccloy.",2027,AMBROSE,104
1013,run that bastard down.,2056,AMBROSE,112
1014,"we're running short on time, mr. mccloy.",2063,AMBROSE,114
1015,we have got to conclude our business.,2067,AMBROSE,114
1016,yes.,2068,MCCLOY,114
1017,start the transfer.,2068,MCCLOY,114
1018,follow it... and let me know.,2074,AMBROSE,114
1020,raise your hands very slowly.,2105,ETHAN,115
1021,sure you want me to do this,2106,STAMP,115
1022,raise your hands very slowly.,2106,STAMP,115
1023,"ethan, ethan, do you copy",2130,LUTHER,116
1024,do you copy,2130,LUTHER,116
1025,keep it going,2134,AMBROSE,117
1026,"sean, this rat's reached the end of the maze.",2138,STAMP'S VOICE,117
1027,is he alive,2138,AMBROSE,117
1028,"yeah, more or less.",2138,STAMP'S VOICE,117
1029,bring him to me.,2138,AMBROSE,117
1030,go,2139,LUTHER,118
1031,"sean, transfer completed.",2144,WALLIS,122
1032,"well done, stamp.",2155,AMBROSE,122
1033,well done.,2155,AMBROSE,122
1034,stop mumbling,2172,AMBROSE (cont'd),122
1035,i'm afraid he's got no choice.,2174,STAMP,122
1036,i believe i broke his jaw.,2175,STAMP,122
1037,"stamp, i'm impressed.",2176,AMBROSE,122
1038,right.,2177,AMBROSE,122
1039,"we don't have a lot of time, hunt.",2177,AMBROSE,122
1040,"what ever you got to say, say it now.",2178,AMBROSE,122
1041,how about giving us a big smile,2181,AMBROSE (cont'd),122
1042, no,2183,AMBROSE (cont'd),122
1043, what are you doing,2183,AMBROSE (cont'd),122
1044,get down on your knees.,2188,AMBROSE (cont'd),122
1045,"now, this is what's known...",2190,AMBROSE (cont'd),122
1046,as getting your gun off.,2191,AMBROSE (cont'd),122
1047,there he is,2224,BILLY,126
1048,ethan,2234,BILLY,127
1049,just back off and pinpoint your positions,2255,ETHAN,127
1050,"luther, clear the bridge for me",2305,ETHAN,128
1051,"hunt's heading for the bridge, coming in at 1200 high.",2308,AMBROSE,129
1052,"oh, i'm mad now.",2322,LUTHER' VOICE,130
1053,haha,2353,BILLY'S VOICE,130
1054,"you all right, mate",2372,BILLY'S VOICE,130
1055,that punk put a hole in my versace,2372,LUTHER,130
1056,"ethan, the computer's up.",2419,LUTHER,131
1057,i've got nyah.,2419,LUTHER,131
1058,she's moved out of the city.,2421,LUTHER,131
1059,she's on the north head bluff approaching the cliffs.,2423,LUTHER,131
1060, but i can't get a visual.,2424,LUTHER,131
1061, copy,2424,ETHAN,131
1062,she's only got a little time left,2427,ETHAN,131
1063,track ahead and pick her up,2428,ETHAN,131
1064,i can't get a good shot.,2437,STAMP,131
1065,"ethan, we won't be able to cover you",2437,LUTHER,131
1066,my earpiece is failing,2439,ETHAN,131
1067,you've got me on gps,2439,ETHAN,131
1068,bring her to me,2441,ETHAN,131
1069,"billy, north head bluff.",2449,LUTHER,134
1070,haul ass.,2449,LUTHER,134
1071, get out there and keep firing,2467,WALLIS,137
1072, i can't see anything,2467,ULRICH (cont'd),137
1073,"slow down, mate",2469,ULRICH (cont'd),137
1074,slow down,2469,WALLIS,137
1075,range is 2k.,2580,LUTHER,144
1077,go ahead.,2743,AMBROSE,145
1078,"use it, hunt.",2743,AMBROSE,145
1079,it's not a bad way to go.,2744,AMBROSE,145
1080,it's a lot better than the way that bitch is gonna die.,2745,AMBROSE,145
1081,"hey, there she is",2778,BILLY,146
1082,hunt,2847,AMBROSE,147
1083,you should've killed me.,2849,AMBROSE,148
1084,"miss hall's blood, it appears,",2886,SWANBECK,149
1085,"has absolutely no elements of the chimera virus,",2886,SWANBECK,149
1086,not even antibodies.,2886,SWANBECK,149
1087,yes.,2887,ETHAN,149
1088,i gathered as much.,2887,ETHAN,149
1089,"but you were under specific instructions, mr. hunt,",2888,SWANBECK,149
1090,to bring back a living sample of the chimera virus.,2888,SWANBECK,149
1091,"i'd be very interested to know how, after you managed this recovery,",2889,SWANBECK,149
1092,it subsequently got destroyed.,2889,SWANBECK,149
1093,by fire.,2889,ETHAN,149
1094,"it's the best way, really.",2889,ETHAN,149
1095,oh.,2891,SWANBECK (cont'd),149
1096,"well, mr. hunt,",2891,SWANBECK (cont'd),149
1097,"as for miss hall, in light of her efforts,",2892,SWANBECK (cont'd),149
1098,her criminal record will certainly be expunged.,2892,SWANBECK (cont'd),149
1099,wiped out.,2893,SWANBECK,149
1100,i'm assuming you approve.,2893,SWANBECK,149
1101,i do.,2894,ETHAN,149
1102,yeah.,2895,SWANBECK,149
1103,"where is she now, by the way",2895,SWANBECK,149
1104,any idea,2895,SWANBECK,149
1105,i don't know.,2896,ETHAN,149
1106,not exactly.,2896,ETHAN,149
1107,"so, what are your plans",2897,SWANBECK,149
1108,i don't know.,2900,ETHAN,149
1109,"uh, some sort of vacation.",2900,ETHAN,149
1110,i'll let you know where i'm going.,2900,ETHAN,149
1111,you don't have to do that.,2901,SWANBECK,149
1112,you don't have to do that.,2901,SWANBECK,149
